物种序号,spid,中文名,拉丁名,科中文名,科拉丁名,属中文名,属拉丁名,媒体类型,媒体序号,媒体ID,鸣声类型,作者/录制人,地点,日期,时间,备注,原始URL,本地文件,下载状态,文件大小bytes,Content-Type或错误
1,906536,海南拟髭蟾,Leptobrachium hainanense,角蟾科,Megophryidae,拟髭蟾属,Leptobrachium,照片,1,53,,朱弼成 ,海南吊罗山,2015,,,http://www.nsii.org.cn/nsiiresources/media/photo/202016/photo/normal/海南拟髭蟾_朱弼成 (1).jpg,NSII_无尾两栖类鸣声专题/01_海南拟髭蟾_Leptobrachium hainanense/照片/照片_01_ID53_海南拟髭蟾_朱弼成 (1).jpg,exists,2636755,
1,906536,海南拟髭蟾,Leptobrachium hainanense,角蟾科,Megophryidae,拟髭蟾属,Leptobrachium,照片,2,54,,朱弼成 ,海南吊罗山,20150411,,,http://www.nsii.org.cn/nsiiresources/media/photo/202016/photo/normal/海南拟髭蟾_朱弼成 (2).jpg,NSII_无尾两栖类鸣声专题/01_海南拟髭蟾_Leptobrachium hainanense/照片/照片_02_ID54_海南拟髭蟾_朱弼成 (2).jpg,exists,5400571,
1,906536,海南拟髭蟾,Leptobrachium hainanense,角蟾科,Megophryidae,拟髭蟾属,Leptobrachium,鸣声,1,185,广告鸣叫,朱弼成,海南吊罗山,2015.4.3,21:07,,http://www.nsii.org.cn/nsiiresources/media/photo/202016/audio/海南拟髭蟾_1_朱弼成.mp3,NSII_无尾两栖类鸣声专题/01_海南拟髭蟾_Leptobrachium hainanense/鸣声/鸣声_01_ID185_海南拟髭蟾_1_朱弼成.mp3,exists,313633,
2,561259,小角蟾,Megophrys (Panophrys) minor,角蟾科,Megophryidae,角蟾属,Megophrys,照片,1,132,,崔建国 ,四川峨眉山,20110624,,,http://www.nsii.org.cn/nsiiresources/media/photo/202016/photo/normal/小角蟾_崔建国 (1).jpg,NSII_无尾两栖类鸣声专题/02_小角蟾_Megophrys (Panophrys) minor/照片/照片_01_ID132_小角蟾_崔建国 (1).jpg,exists,3428165,
2,561259,小角蟾,Megophrys (Panophrys) minor,角蟾科,Megophryidae,角蟾属,Megophrys,照片,2,133,,崔建国 ,四川峨眉山,20110623,,生境,http://www.nsii.org.cn/nsiiresources/media/photo/202016/photo/normal/小角蟾_崔建国 (2).jpg,NSII_无尾两栖类鸣声专题/02_小角蟾_Megophrys (Panophrys) minor/照片/照片_02_ID133_小角蟾_崔建国 (2).jpg,exists,2199959,
2,561259,小角蟾,Megophrys (Panophrys) minor,角蟾科,Megophryidae,角蟾属,Megophrys,鸣声,1,214,广告鸣叫,孙晓倩,四川峨眉山,2019.6.16,17:01,,http://www.nsii.org.cn/nsiiresources/media/photo/202016/audio/小角蟾_1_孙晓倩.mp3,NSII_无尾两栖类鸣声专题/02_小角蟾_Megophrys (Panophrys) minor/鸣声/鸣声_01_ID214_小角蟾_1_孙晓倩.mp3,exists,522346,
3,796399,峨眉角蟾,Megophrys (Panophrys) omeimontis,角蟾科,Megophryidae,角蟾属,Megophrys,照片,1,32,,杨悦 ,四川峨眉山,20190814,,,http://www.nsii.org.cn/nsiiresources/media/photo/202016/photo/normal/峨眉角蟾_杨悦 (1).jpg,NSII_无尾两栖类鸣声专题/03_峨眉角蟾_Megophrys (Panophrys) omeimontis/照片/照片_01_ID32_峨眉角蟾_杨悦 (1).jpg,exists,2168385,
3,796399,峨眉角蟾,Megophrys (Panophrys) omeimontis,角蟾科,Megophryidae,角蟾属,Megophrys,照片,2,33,,杨悦 ,四川峨眉山,20190814,,,http://www.nsii.org.cn/nsiiresources/media/photo/202016/photo/normal/峨眉角蟾_杨悦 (2).jpg,NSII_无尾两栖类鸣声专题/03_峨眉角蟾_Megophrys (Panophrys) omeimontis/照片/照片_02_ID33_峨眉角蟾_杨悦 (2).jpg,exists,2357967,
3,796399,峨眉角蟾,Megophrys (Panophrys) omeimontis,角蟾科,Megophryidae,角蟾属,Megophrys,照片,3,34,,杨悦 ,四川峨眉山,20190814,,,http://www.nsii.org.cn/nsiiresources/media/photo/202016/photo/normal/峨眉角蟾_杨悦 (3).jpg,NSII_无尾两栖类鸣声专题/03_峨眉角蟾_Megophrys (Panophrys) omeimontis/照片/照片_03_ID34_峨眉角蟾_杨悦 (3).jpg,exists,1685143,
3,796399,峨眉角蟾,Megophrys (Panophrys) omeimontis,角蟾科,Megophryidae,角蟾属,Megophrys,照片,4,35,,杨悦 ,四川峨眉山,20190814,,,http://www.nsii.org.cn/nsiiresources/media/photo/202016/photo/normal/峨眉角蟾_杨悦 (4).jpg,NSII_无尾两栖类鸣声专题/03_峨眉角蟾_Megophrys (Panophrys) omeimontis/照片/照片_04_ID35_峨眉角蟾_杨悦 (4).jpg,exists,1989275,
3,796399,峨眉角蟾,Megophrys (Panophrys) omeimontis,角蟾科,Megophryidae,角蟾属,Megophrys,鸣声,1,175,广告鸣叫,崔建国,四川峨眉山,2014.5.8,4:15,室内录制,http://www.nsii.org.cn/nsiiresources/media/photo/202016/audio/峨眉角蟾_1_崔建国.mp3,NSII_无尾两栖类鸣声专题/03_峨眉角蟾_Megophrys (Panophrys) omeimontis/鸣声/鸣声_01_ID175_峨眉角蟾_1_崔建国.mp3,exists,722082,
4,773534,中华蟾蜍,Bufo gargarizans,蟾蜍科,Bufonidae,蟾蜍属,Bufo,照片,1,156,,杨悦 ,四川峨眉山,20190717,,,http://www.nsii.org.cn/nsiiresources/media/photo/202016/photo/normal/中华蟾蜍_杨悦 (1).jpg,NSII_无尾两栖类鸣声专题/04_中华蟾蜍_Bufo gargarizans/照片/照片_01_ID156_中华蟾蜍_杨悦 (1).jpg,exists,3135143,
4,773534,中华蟾蜍,Bufo gargarizans,蟾蜍科,Bufonidae,蟾蜍属,Bufo,照片,2,157,,杨悦 ,四川峨眉山,20190814,,,http://www.nsii.org.cn/nsiiresources/media/photo/202016/photo/normal/中华蟾蜍_杨悦 (2).jpg,NSII_无尾两栖类鸣声专题/04_中华蟾蜍_Bufo gargarizans/照片/照片_02_ID157_中华蟾蜍_杨悦 (2).jpg,exists,2355122,
4,773534,中华蟾蜍,Bufo gargarizans,蟾蜍科,Bufonidae,蟾蜍属,Bufo,照片,3,158,,蔡炎林 ,四川康定塔公草原,20180507,,,http://www.nsii.org.cn/nsiiresources/media/photo/202016/photo/normal/中华蟾蜍_蔡炎林 (1).jpg,NSII_无尾两栖类鸣声专题/04_中华蟾蜍_Bufo gargarizans/照片/照片_03_ID158_中华蟾蜍_蔡炎林 (1).jpg,exists,3190407,
4,773534,中华蟾蜍,Bufo gargarizans,蟾蜍科,Bufonidae,蟾蜍属,Bufo,照片,4,159,,蔡炎林 ,四川峨眉山,20190630,,,http://www.nsii.org.cn/nsiiresources/media/photo/202016/photo/normal/中华蟾蜍_蔡炎林 (2).jpg,NSII_无尾两栖类鸣声专题/04_中华蟾蜍_Bufo gargarizans/照片/照片_04_ID159_中华蟾蜍_蔡炎林 (2).jpg,exists,3335811,
4,773534,中华蟾蜍,Bufo gargarizans,蟾蜍科,Bufonidae,蟾蜍属,Bufo,鸣声,1,227,广告鸣叫,赵龙辉,四川峨眉山,2019.5.16,21:36,,http://www.nsii.org.cn/nsiiresources/media/photo/202016/audio/中华蟾蜍_1_赵龙辉.mp3,NSII_无尾两栖类鸣声专题/04_中华蟾蜍_Bufo gargarizans/鸣声/鸣声_01_ID227_中华蟾蜍_1_赵龙辉.mp3,exists,92267,
4,773534,中华蟾蜍,Bufo gargarizans,蟾蜍科,Bufonidae,蟾蜍属,Bufo,鸣声,2,228,广告鸣叫,蔡炎林,四川康定塔公草原,2018.5.7,21:00,,http://www.nsii.org.cn/nsiiresources/media/photo/202016/audio/中华蟾蜍_2_蔡炎林.mp3,NSII_无尾两栖类鸣声专题/04_中华蟾蜍_Bufo gargarizans/鸣声/鸣声_02_ID228_中华蟾蜍_2_蔡炎林.mp3,exists,723233,
5,757369,黑眶蟾蜍,Duttaphrynus melanostictus,蟾蜍科,Bufonidae,头棱蟾属,Duttaphrynus,照片,1,65,,朱弼成 ,海南吊罗山,20170807,,,http://www.nsii.org.cn/nsiiresources/media/photo/202016/photo/normal/黑眶蟾蜍_朱弼成 (1).jpg,NSII_无尾两栖类鸣声专题/05_黑眶蟾蜍_Duttaphrynus melanostictus/照片/照片_01_ID65_黑眶蟾蜍_朱弼成 (1).jpg,exists,2729868,
5,757369,黑眶蟾蜍,Duttaphrynus melanostictus,蟾蜍科,Bufonidae,头棱蟾属,Duttaphrynus,照片,2,66,,朱弼成 ,海南吊罗山,20160709,,,http://www.nsii.org.cn/nsiiresources/media/photo/202016/photo/normal/黑眶蟾蜍_朱弼成 (2).jpg,NSII_无尾两栖类鸣声专题/05_黑眶蟾蜍_Duttaphrynus melanostictus/照片/照片_02_ID66_黑眶蟾蜍_朱弼成 (2).jpg,exists,3723202,
5,757369,黑眶蟾蜍,Duttaphrynus melanostictus,蟾蜍科,Bufonidae,头棱蟾属,Duttaphrynus,照片,3,67,,朱弼成 ,海南吊罗山,20170901,,,http://www.nsii.org.cn/nsiiresources/media/photo/202016/photo/normal/黑眶蟾蜍_朱弼成 (3).jpg,NSII_无尾两栖类鸣声专题/05_黑眶蟾蜍_Duttaphrynus melanostictus/照片/照片_03_ID67_黑眶蟾蜍_朱弼成 (3).jpg,exists,4428619,
5,757369,黑眶蟾蜍,Duttaphrynus melanostictus,蟾蜍科,Bufonidae,头棱蟾属,Duttaphrynus,照片,4,68,,朱弼成 ,海南吊罗山,2015,,,http://www.nsii.org.cn/nsiiresources/media/photo/202016/photo/normal/黑眶蟾蜍_朱弼成 (4).jpg,NSII_无尾两栖类鸣声专题/05_黑眶蟾蜍_Duttaphrynus melanostictus/照片/照片_04_ID68_黑眶蟾蜍_朱弼成 (4).jpg,exists,2132893,
5,757369,黑眶蟾蜍,Duttaphrynus melanostictus,蟾蜍科,Bufonidae,头棱蟾属,Duttaphrynus,照片,5,69,,赵龙辉 ,海南吊罗山,20160527,,,http://www.nsii.org.cn/nsiiresources/media/photo/202016/photo/normal/黑眶蟾蜍_赵龙辉 (1).jpg,NSII_无尾两栖类鸣声专题/05_黑眶蟾蜍_Duttaphrynus melanostictus/照片/照片_05_ID69_黑眶蟾蜍_赵龙辉 (1).jpg,exists,7043291,
5,757369,黑眶蟾蜍,Duttaphrynus melanostictus,蟾蜍科,Bufonidae,头棱蟾属,Duttaphrynus,鸣声,1,189,广告鸣叫,王同亮,海南吊罗山,2015.4.24,0:21,,http://www.nsii.org.cn/nsiiresources/media/photo/202016/audio/黑眶蟾蜍_1_王同亮.mp3,NSII_无尾两栖类鸣声专题/05_黑眶蟾蜍_Duttaphrynus melanostictus/鸣声/鸣声_01_ID189_黑眶蟾蜍_1_王同亮.mp3,exists,603013,
5,757369,黑眶蟾蜍,Duttaphrynus melanostictus,蟾蜍科,Bufonidae,头棱蟾属,Duttaphrynus,鸣声,2,190,释放鸣叫,赵龙辉,海南吊罗山,2014.12.27,15:30,,http://www.nsii.org.cn/nsiiresources/media/photo/202016/audio/黑眶蟾蜍_2_赵龙辉.mp3,NSII_无尾两栖类鸣声专题/05_黑眶蟾蜍_Duttaphrynus melanostictus/鸣声/鸣声_02_ID190_黑眶蟾蜍_2_赵龙辉.mp3,exists,603014,
6,960635,鳞皮小蟾,Parapelophryne scalpta,蟾蜍科,Bufonidae,小蟾属,Parapelophryne,照片,1,101,,王力军,海南,20150421,,照片来源网站：中国两栖类,http://www.nsii.org.cn/nsiiresources/media/photo/202016/photo/normal/鳞皮小蟾_王力军 (1).jpg,NSII_无尾两栖类鸣声专题/06_鳞皮小蟾_Parapelophryne scalpta/照片/照片_01_ID101_鳞皮小蟾_王力军(1).jpg,exists,254447,
6,960635,鳞皮小蟾,Parapelophryne scalpta,蟾蜍科,Bufonidae,小蟾属,Parapelophryne,鸣声,1,201,广告鸣叫,朱弼成,海南吊罗山,2015.4.25,3:20,,http://www.nsii.org.cn/nsiiresources/media/photo/202016/audio/鳞皮小蟾_1_朱弼成.mp3,NSII_无尾两栖类鸣声专题/06_鳞皮小蟾_Parapelophryne scalpta/鸣声/鸣声_01_ID201_鳞皮小蟾_1_朱弼成.mp3,exists,476637,
7,558440,高原林蛙,Rana kukunoris,蛙科,Ranidae,蛙属 ,Rana,照片,1,42,,朱弼成 ,青海海北,2019530,,,http://www.nsii.org.cn/nsiiresources/media/photo/202016/photo/normal/高原林蛙_朱弼成 (1).jpg,NSII_无尾两栖类鸣声专题/07_高原林蛙_Rana kukunoris/照片/照片_01_ID42_高原林蛙_朱弼成 (1).jpg,exists,4464545,
7,558440,高原林蛙,Rana kukunoris,蛙科,Ranidae,蛙属 ,Rana,照片,2,43,,朱弼成 ,青海海北,2019530,,,http://www.nsii.org.cn/nsiiresources/media/photo/202016/photo/normal/高原林蛙_朱弼成 (2).jpg,NSII_无尾两栖类鸣声专题/07_高原林蛙_Rana kukunoris/照片/照片_02_ID43_高原林蛙_朱弼成 (2).jpg,exists,5155812,
7,558440,高原林蛙,Rana kukunoris,蛙科,Ranidae,蛙属 ,Rana,照片,3,44,,朱弼成 ,青海海北,20190418,,,http://www.nsii.org.cn/nsiiresources/media/photo/202016/photo/normal/高原林蛙_朱弼成 (3).jpg,NSII_无尾两栖类鸣声专题/07_高原林蛙_Rana kukunoris/照片/照片_03_ID44_高原林蛙_朱弼成 (3).jpg,exists,3342533,
7,558440,高原林蛙,Rana kukunoris,蛙科,Ranidae,蛙属 ,Rana,照片,4,45,,朱弼成 ,青海海北,20190418,,,http://www.nsii.org.cn/nsiiresources/media/photo/202016/photo/normal/高原林蛙_朱弼成 (4).jpg,NSII_无尾两栖类鸣声专题/07_高原林蛙_Rana kukunoris/照片/照片_04_ID45_高原林蛙_朱弼成 (4).jpg,exists,3924412,
7,558440,高原林蛙,Rana kukunoris,蛙科,Ranidae,蛙属 ,Rana,鸣声,1,180,广告鸣叫,朱弼成,青海海北,2017.5.26,7:42,,http://www.nsii.org.cn/nsiiresources/media/photo/202016/audio/高原林蛙_1_朱弼成.mp3,NSII_无尾两栖类鸣声专题/07_高原林蛙_Rana kukunoris/鸣声/鸣声_01_ID180_高原林蛙_1_朱弼成.mp3,exists,689443,
7,558440,高原林蛙,Rana kukunoris,蛙科,Ranidae,蛙属 ,Rana,鸣声,2,181,广告鸣叫,蔡炎林,四川康定塔公草原,2017.5.27,21:00,,http://www.nsii.org.cn/nsiiresources/media/photo/202016/audio/高原林蛙_2_蔡炎林.mp3,NSII_无尾两栖类鸣声专题/07_高原林蛙_Rana kukunoris/鸣声/鸣声_02_ID181_高原林蛙_2_蔡炎林.mp3,exists,603070,
8,600695,峨眉林蛙,Rana omeimontis,蛙科,Ranidae,蛙属 ,Rana,照片,1,36,,杨悦 ,四川峨眉山,20190911,,,http://www.nsii.org.cn/nsiiresources/media/photo/202016/photo/normal/峨眉林蛙_杨悦 (1).jpg,NSII_无尾两栖类鸣声专题/08_峨眉林蛙_Rana omeimontis/照片/照片_01_ID36_峨眉林蛙_杨悦 (1).jpg,exists,1952752,
8,600695,峨眉林蛙,Rana omeimontis,蛙科,Ranidae,蛙属 ,Rana,照片,2,37,,杨悦 ,四川峨眉山,20190911,,,http://www.nsii.org.cn/nsiiresources/media/photo/202016/photo/normal/峨眉林蛙_杨悦 (2).jpg,NSII_无尾两栖类鸣声专题/08_峨眉林蛙_Rana omeimontis/照片/照片_02_ID37_峨眉林蛙_杨悦 (2).jpg,exists,2823374,
8,600695,峨眉林蛙,Rana omeimontis,蛙科,Ranidae,蛙属 ,Rana,照片,3,38,,杨悦 ,四川峨眉山,20190804,,,http://www.nsii.org.cn/nsiiresources/media/photo/202016/photo/normal/峨眉林蛙_杨悦 (3).jpg,NSII_无尾两栖类鸣声专题/08_峨眉林蛙_Rana omeimontis/照片/照片_03_ID38_峨眉林蛙_杨悦 (3).jpg,exists,2489856,
8,600695,峨眉林蛙,Rana omeimontis,蛙科,Ranidae,蛙属 ,Rana,鸣声,1,176,广告鸣叫,杨悦,四川峨眉山,2019.9.12,19:58,,http://www.nsii.org.cn/nsiiresources/media/photo/202016/audio/峨眉林蛙_1_杨悦.mp3,NSII_无尾两栖类鸣声专题/08_峨眉林蛙_Rana omeimontis/鸣声/鸣声_01_ID176_峨眉林蛙_1_杨悦.mp3,exists,322667,
8,600695,峨眉林蛙,Rana omeimontis,蛙科,Ranidae,蛙属 ,Rana,鸣声,2,177,广告鸣叫,杨悦,四川峨眉山,2019.9.11,22:05,群体鸣声,http://www.nsii.org.cn/nsiiresources/media/photo/202016/audio/峨眉林蛙_2_杨悦.mp3,NSII_无尾两栖类鸣声专题/08_峨眉林蛙_Rana omeimontis/鸣声/鸣声_02_ID177_峨眉林蛙_2_杨悦.mp3,exists,598141,
9,627855,黑斑侧褶蛙,Pelophylax nigromaculatus,蛙科,Ranidae,侧褶蛙属,Pelophylax,照片,1,62,,朱弼成 ,四川成都,20170708,,,http://www.nsii.org.cn/nsiiresources/media/photo/202016/photo/normal/黑斑侧褶蛙_朱弼成 (1).jpg,NSII_无尾两栖类鸣声专题/09_黑斑侧褶蛙_Pelophylax nigromaculatus/照片/照片_01_ID62_黑斑侧褶蛙_朱弼成 (1).jpg,exists,4701182,
9,627855,黑斑侧褶蛙,Pelophylax nigromaculatus,蛙科,Ranidae,侧褶蛙属,Pelophylax,照片,2,63,,朱弼成 ,四川成都,20170720,,,http://www.nsii.org.cn/nsiiresources/media/photo/202016/photo/normal/黑斑侧褶蛙_朱弼成 (2).jpg,NSII_无尾两栖类鸣声专题/09_黑斑侧褶蛙_Pelophylax nigromaculatus/照片/照片_02_ID63_黑斑侧褶蛙_朱弼成 (2).jpg,exists,5073235,
9,627855,黑斑侧褶蛙,Pelophylax nigromaculatus,蛙科,Ranidae,侧褶蛙属,Pelophylax,照片,3,64,,朱弼成 ,四川成都,20170710,,,http://www.nsii.org.cn/nsiiresources/media/photo/202016/photo/normal/黑斑侧褶蛙_朱弼成 (3).jpg,NSII_无尾两栖类鸣声专题/09_黑斑侧褶蛙_Pelophylax nigromaculatus/照片/照片_03_ID64_黑斑侧褶蛙_朱弼成 (3).jpg,exists,5088927,
9,627855,黑斑侧褶蛙,Pelophylax nigromaculatus,蛙科,Ranidae,侧褶蛙属,Pelophylax,鸣声,1,188,广告鸣叫,朱弼成,四川成都,2015.11.26,22:52,,http://www.nsii.org.cn/nsiiresources/media/photo/202016/audio/黑斑侧褶蛙_1_朱弼成.mp3,NSII_无尾两栖类鸣声专题/09_黑斑侧褶蛙_Pelophylax nigromaculatus/鸣声/鸣声_01_ID188_黑斑侧褶蛙_1_朱弼成.mp3,exists,82771,
10,904924,仙琴蛙,Nidirana daunchina,蛙科,Ranidae,琴蛙属,Nidirana,照片,1,116,,杨悦 ,四川峨眉山,20190529,,,http://www.nsii.org.cn/nsiiresources/media/photo/202016/photo/normal/仙琴蛙_杨悦 (1).jpg,NSII_无尾两栖类鸣声专题/10_仙琴蛙_Nidirana daunchina/照片/照片_01_ID116_仙琴蛙_杨悦 (1).jpg,exists,5165342,
10,904924,仙琴蛙,Nidirana daunchina,蛙科,Ranidae,琴蛙属,Nidirana,照片,2,117,,杨悦 ,四川峨眉山,20190608,,,http://www.nsii.org.cn/nsiiresources/media/photo/202016/photo/normal/仙琴蛙_杨悦 (2).jpg,NSII_无尾两栖类鸣声专题/10_仙琴蛙_Nidirana daunchina/照片/照片_02_ID117_仙琴蛙_杨悦 (2).jpg,exists,5838788,
10,904924,仙琴蛙,Nidirana daunchina,蛙科,Ranidae,琴蛙属,Nidirana,照片,3,118,,杨悦 ,四川峨眉山,20190611,,,http://www.nsii.org.cn/nsiiresources/media/photo/202016/photo/normal/仙琴蛙_杨悦 (3).jpg,NSII_无尾两栖类鸣声专题/10_仙琴蛙_Nidirana daunchina/照片/照片_03_ID118_仙琴蛙_杨悦 (3).jpg,exists,2380460,
10,904924,仙琴蛙,Nidirana daunchina,蛙科,Ranidae,琴蛙属,Nidirana,照片,4,119,,杨悦 ,四川峨眉山,20190619,,,http://www.nsii.org.cn/nsiiresources/media/photo/202016/photo/normal/仙琴蛙_杨悦 (4).jpg,NSII_无尾两栖类鸣声专题/10_仙琴蛙_Nidirana daunchina/照片/照片_04_ID119_仙琴蛙_杨悦 (4).jpg,exists,2480344,
10,904924,仙琴蛙,Nidirana daunchina,蛙科,Ranidae,琴蛙属,Nidirana,照片,5,120,,杨悦 ,四川峨眉山,20190831,,,http://www.nsii.org.cn/nsiiresources/media/photo/202016/photo/normal/仙琴蛙_杨悦 (5).jpg,NSII_无尾两栖类鸣声专题/10_仙琴蛙_Nidirana daunchina/照片/照片_05_ID120_仙琴蛙_杨悦 (5).jpg,exists,2066230,
10,904924,仙琴蛙,Nidirana daunchina,蛙科,Ranidae,琴蛙属,Nidirana,照片,6,121,,杨悦 ,四川峨眉山,20190809,,,http://www.nsii.org.cn/nsiiresources/media/photo/202016/photo/normal/仙琴蛙_杨悦 (6).jpg,NSII_无尾两栖类鸣声专题/10_仙琴蛙_Nidirana daunchina/照片/照片_06_ID121_仙琴蛙_杨悦 (6).jpg,exists,2875562,
10,904924,仙琴蛙,Nidirana daunchina,蛙科,Ranidae,琴蛙属,Nidirana,照片,7,122,,杨悦 ,四川峨眉山,20190814,,,http://www.nsii.org.cn/nsiiresources/media/photo/202016/photo/normal/仙琴蛙_杨悦 (7).jpg,NSII_无尾两栖类鸣声专题/10_仙琴蛙_Nidirana daunchina/照片/照片_07_ID122_仙琴蛙_杨悦 (7).jpg,exists,3469846,
10,904924,仙琴蛙,Nidirana daunchina,蛙科,Ranidae,琴蛙属,Nidirana,照片,8,123,,杨悦 ,四川峨眉山,20190622,,生境,http://www.nsii.org.cn/nsiiresources/media/photo/202016/photo/normal/仙琴蛙_杨悦 (8).jpg,NSII_无尾两栖类鸣声专题/10_仙琴蛙_Nidirana daunchina/照片/照片_08_ID123_仙琴蛙_杨悦 (8).jpg,exists,5108986,
10,904924,仙琴蛙,Nidirana daunchina,蛙科,Ranidae,琴蛙属,Nidirana,照片,9,124,,蔡炎林 ,四川峨眉山,20190630,,,http://www.nsii.org.cn/nsiiresources/media/photo/202016/photo/normal/仙琴蛙_蔡炎林 (1).jpg,NSII_无尾两栖类鸣声专题/10_仙琴蛙_Nidirana daunchina/照片/照片_09_ID124_仙琴蛙_蔡炎林 (1).jpg,exists,2383700,
10,904924,仙琴蛙,Nidirana daunchina,蛙科,Ranidae,琴蛙属,Nidirana,照片,10,125,,朱弼成 ,贵州宽阔水,20190726,,,http://www.nsii.org.cn/nsiiresources/media/photo/202016/photo/normal/仙琴蛙_朱弼成 (1).jpg,NSII_无尾两栖类鸣声专题/10_仙琴蛙_Nidirana daunchina/照片/照片_10_ID125_仙琴蛙_朱弼成 (1).jpg,exists,6461721,
10,904924,仙琴蛙,Nidirana daunchina,蛙科,Ranidae,琴蛙属,Nidirana,照片,11,126,,赵龙辉 ,四川峨眉山,20190517,,生境,http://www.nsii.org.cn/nsiiresources/media/photo/202016/photo/normal/仙琴蛙_赵龙辉 (1).jpg,NSII_无尾两栖类鸣声专题/10_仙琴蛙_Nidirana daunchina/照片/照片_11_ID126_仙琴蛙_赵龙辉 (1).jpg,exists,11532852,
10,904924,仙琴蛙,Nidirana daunchina,蛙科,Ranidae,琴蛙属,Nidirana,鸣声,1,207,广告鸣叫,蔡炎林,重庆南川,2019.7.26,22:00,,http://www.nsii.org.cn/nsiiresources/media/photo/202016/audio/仙琴蛙_1_蔡炎林.mp3,NSII_无尾两栖类鸣声专题/10_仙琴蛙_Nidirana daunchina/鸣声/鸣声_01_ID207_仙琴蛙_1_蔡炎林.mp3,exists,482155,
10,904924,仙琴蛙,Nidirana daunchina,蛙科,Ranidae,琴蛙属,Nidirana,鸣声,2,208,广告鸣叫,赵龙辉,四川峨眉山,2016.5.17,17:36,,http://www.nsii.org.cn/nsiiresources/media/photo/202016/audio/仙琴蛙_2_赵龙辉.mp3,NSII_无尾两栖类鸣声专题/10_仙琴蛙_Nidirana daunchina/鸣声/鸣声_02_ID208_仙琴蛙_2_赵龙辉.mp3,exists,163111,
10,904924,仙琴蛙,Nidirana daunchina,蛙科,Ranidae,琴蛙属,Nidirana,鸣声,3,209,广告鸣叫,孙晓倩,四川瓦屋山,2019.8.15,21:00,,http://www.nsii.org.cn/nsiiresources/media/photo/202016/audio/仙琴蛙_3_孙晓倩.mp3,NSII_无尾两栖类鸣声专题/10_仙琴蛙_Nidirana daunchina/鸣声/鸣声_03_ID209_仙琴蛙_3_孙晓倩.mp3,exists,482083,
10,904924,仙琴蛙,Nidirana daunchina,蛙科,Ranidae,琴蛙属,Nidirana,鸣声,4,210,广告鸣叫,杨悦,四川峨眉山万年寺,2019.6.17,18:00,,http://www.nsii.org.cn/nsiiresources/media/photo/202016/audio/仙琴蛙_4_杨悦.mp3,NSII_无尾两栖类鸣声专题/10_仙琴蛙_Nidirana daunchina/鸣声/鸣声_04_ID210_仙琴蛙_4_杨悦.mp3,exists,543523,
10,904924,仙琴蛙,Nidirana daunchina,蛙科,Ranidae,琴蛙属,Nidirana,鸣声,5,211,抱对时鸣叫,杨悦,四川峨眉山,2019.7.31,20:27,,http://www.nsii.org.cn/nsiiresources/media/photo/202016/audio/仙琴蛙_5_杨悦.mp3,NSII_无尾两栖类鸣声专题/10_仙琴蛙_Nidirana daunchina/鸣声/鸣声_05_ID211_仙琴蛙_5_杨悦.mp3,exists,202666,
11,574246,海南琴蛙,Nidirana hainanensis,蛙科,Ranidae,琴蛙属,Nidirana,照片,1,55,,赵龙辉 ,海南吊罗山,20140625,,,http://www.nsii.org.cn/nsiiresources/media/photo/202016/photo/normal/海南琴娃_赵龙辉 (1).jpg,NSII_无尾两栖类鸣声专题/11_海南琴蛙_Nidirana hainanensis/照片/照片_01_ID55_海南琴娃_赵龙辉 (1).jpg,exists,2726151,
11,574246,海南琴蛙,Nidirana hainanensis,蛙科,Ranidae,琴蛙属,Nidirana,照片,2,56,,赵龙辉 ,海南吊罗山,20140625,,,http://www.nsii.org.cn/nsiiresources/media/photo/202016/photo/normal/海南琴娃_赵龙辉 (2).jpg,NSII_无尾两栖类鸣声专题/11_海南琴蛙_Nidirana hainanensis/照片/照片_02_ID56_海南琴娃_赵龙辉 (2).jpg,exists,2664243,
11,574246,海南琴蛙,Nidirana hainanensis,蛙科,Ranidae,琴蛙属,Nidirana,照片,3,57,,朱弼成 ,海南吊罗山,20150812,,,http://www.nsii.org.cn/nsiiresources/media/photo/202016/photo/normal/海南琴蛙_朱弼成 (1).jpg,NSII_无尾两栖类鸣声专题/11_海南琴蛙_Nidirana hainanensis/照片/照片_03_ID57_海南琴娃_朱弼成 (1).jpg,exists,3003136,
11,574246,海南琴蛙,Nidirana hainanensis,蛙科,Ranidae,琴蛙属,Nidirana,鸣声,1,186,广告鸣叫,朱弼成,海南吊罗山,2014.8.18,18:11,,http://www.nsii.org.cn/nsiiresources/media/photo/202016/audio/海南琴蛙_1_朱弼成.mp3,NSII_无尾两栖类鸣声专题/11_海南琴蛙_Nidirana hainanensis/鸣声/鸣声_01_ID186_海南琴蛙_1_朱弼成.mp3,exists,163048,
12,557882,林琴蛙,Nidirana lini,蛙科,Ranidae,琴蛙属,Nidirana,照片,1,97,,崔建国 ,云南红河哈尼族彝族自治州绿春县,20110516,,,http://www.nsii.org.cn/nsiiresources/media/photo/202016/photo/normal/林琴蛙_崔建国 (1).jpg,NSII_无尾两栖类鸣声专题/12_林琴蛙_Nidirana lini/照片/照片_01_ID97_林琴蛙_崔建国 (1).jpg,exists,2551085,
12,557882,林琴蛙,Nidirana lini,蛙科,Ranidae,琴蛙属,Nidirana,照片,2,98,,崔建国 ,云南红河哈尼族彝族自治州绿春县,20110516,,生境,http://www.nsii.org.cn/nsiiresources/media/photo/202016/photo/normal/林琴蛙_崔建国 (2).jpg,NSII_无尾两栖类鸣声专题/12_林琴蛙_Nidirana lini/照片/照片_02_ID98_林琴蛙_崔建国 (2).jpg,exists,3512331,
12,557882,林琴蛙,Nidirana lini,蛙科,Ranidae,琴蛙属,Nidirana,照片,3,99,,崔建国 ,云南红河哈尼族彝族自治州绿春县,20110516,,生境,http://www.nsii.org.cn/nsiiresources/media/photo/202016/photo/normal/林琴蛙_崔建国 (3).jpg,NSII_无尾两栖类鸣声专题/12_林琴蛙_Nidirana lini/照片/照片_03_ID99_林琴蛙_崔建国 (3).jpg,exists,3639484,
12,557882,林琴蛙,Nidirana lini,蛙科,Ranidae,琴蛙属,Nidirana,照片,4,100,,崔建国 ,云南红河哈尼族彝族自治州绿春县,20110517,,生境,http://www.nsii.org.cn/nsiiresources/media/photo/202016/photo/normal/林琴蛙_崔建国 (4).jpg,NSII_无尾两栖类鸣声专题/12_林琴蛙_Nidirana lini/照片/照片_04_ID100_林琴蛙_崔建国 (4).jpg,exists,3499573,
12,557882,林琴蛙,Nidirana lini,蛙科,Ranidae,琴蛙属,Nidirana,鸣声,1,200,广告鸣叫,崔建国,云南红河哈尼族彝族自治州绿春县,2011.5.16,17:06,,http://www.nsii.org.cn/nsiiresources/media/photo/202016/audio/林琴蛙_1_崔建国.mp3,NSII_无尾两栖类鸣声专题/12_林琴蛙_Nidirana lini/鸣声/鸣声_01_ID200_林琴蛙_1_崔建国.mp3,exists,238280,
13,893627,沼水蛙,Hylarana guentheri,蛙科,Ranidae,水蛙属,Hylarana,照片,1,153,,朱弼成 ,海南吊罗山,20160708,,,http://www.nsii.org.cn/nsiiresources/media/photo/202016/photo/normal/沼水蛙_朱弼成 (1).jpg,NSII_无尾两栖类鸣声专题/13_沼水蛙_Hylarana guentheri/照片/照片_01_ID153_沼水蛙_朱弼成 (1).jpg,exists,4542718,
13,893627,沼水蛙,Hylarana guentheri,蛙科,Ranidae,水蛙属,Hylarana,照片,2,154,,朱弼成 ,海南吊罗山,20160708,,,http://www.nsii.org.cn/nsiiresources/media/photo/202016/photo/normal/沼水蛙_朱弼成 (2).jpg,NSII_无尾两栖类鸣声专题/13_沼水蛙_Hylarana guentheri/照片/照片_02_ID154_沼水蛙_朱弼成 (2).jpg,exists,5251506,
13,893627,沼水蛙,Hylarana guentheri,蛙科,Ranidae,水蛙属,Hylarana,照片,3,155,,朱弼成 ,海南吊罗山,20150418,,,http://www.nsii.org.cn/nsiiresources/media/photo/202016/photo/normal/沼水蛙_朱弼成 (3).jpg,NSII_无尾两栖类鸣声专题/13_沼水蛙_Hylarana guentheri/照片/照片_03_ID155_沼水蛙_朱弼成 (3).jpg,exists,2309407,
13,893627,沼水蛙,Hylarana guentheri,蛙科,Ranidae,水蛙属,Hylarana,鸣声,1,222,广告鸣叫,朱弼成,海南吊罗山,2014.4.10,21:57,,http://www.nsii.org.cn/nsiiresources/media/photo/202016/audio/沼水蛙_1_朱弼成.mp3,NSII_无尾两栖类鸣声专题/13_沼水蛙_Hylarana guentheri/鸣声/鸣声_01_ID222_沼水蛙_1_朱弼成.mp3,exists,242580,
13,893627,沼水蛙,Hylarana guentheri,蛙科,Ranidae,水蛙属,Hylarana,鸣声,2,223,广告鸣叫,杨悦,海南儋州白马井,2017.7.16,23:00,,http://www.nsii.org.cn/nsiiresources/media/photo/202016/audio/沼水蛙_2_杨悦.mp3,NSII_无尾两栖类鸣声专题/13_沼水蛙_Hylarana guentheri/鸣声/鸣声_02_ID223_沼水蛙_2_杨悦.mp3,exists,318802,
13,893627,沼水蛙,Hylarana guentheri,蛙科,Ranidae,水蛙属,Hylarana,鸣声,3,224,广告鸣叫,杨悦,海南五指山水满,2017.5.15,21:45,,http://www.nsii.org.cn/nsiiresources/media/photo/202016/audio/沼水蛙_3_杨悦.mp3,NSII_无尾两栖类鸣声专题/13_沼水蛙_Hylarana guentheri/鸣声/鸣声_03_ID224_沼水蛙_3_杨悦.mp3,exists,555993,
13,893627,沼水蛙,Hylarana guentheri,蛙科,Ranidae,水蛙属,Hylarana,鸣声,4,225,广告鸣叫,蔡炎林,四川泸州水尾镇,2019.7.21,21:00,,http://www.nsii.org.cn/nsiiresources/media/photo/202016/audio/沼水蛙_4_蔡炎林.mp3,NSII_无尾两栖类鸣声专题/13_沼水蛙_Hylarana guentheri/鸣声/鸣声_04_ID225_沼水蛙_4_蔡炎林.mp3,exists,402475,
13,893627,沼水蛙,Hylarana guentheri,蛙科,Ranidae,水蛙属,Hylarana,鸣声,5,226,广告鸣叫,朱弼成,海南吊罗山,2015.4.4,0:00,群体鸣声,http://www.nsii.org.cn/nsiiresources/media/photo/202016/audio/沼水蛙_5_朱弼成.mp3,NSII_无尾两栖类鸣声专题/13_沼水蛙_Hylarana guentheri/鸣声/鸣声_05_ID226_沼水蛙_5_朱弼成.mp3,exists,323037,
14,683975,细刺水蛙,Hylarana spinulosa,蛙科,Ranidae,水蛙属,Hylarana,照片,1,112,,朱弼成 ,海南吊罗山,20150822,,,http://www.nsii.org.cn/nsiiresources/media/photo/202016/photo/normal/细刺水蛙_朱弼成 (1).jpg,NSII_无尾两栖类鸣声专题/14_细刺水蛙_Hylarana spinulosa/照片/照片_01_ID112_细刺水蛙_朱弼成 (1).jpg,exists,2117903,
14,683975,细刺水蛙,Hylarana spinulosa,蛙科,Ranidae,水蛙属,Hylarana,照片,2,113,,朱弼成 ,海南吊罗山,20160707,,,http://www.nsii.org.cn/nsiiresources/media/photo/202016/photo/normal/细刺水蛙_朱弼成 (2).jpg,NSII_无尾两栖类鸣声专题/14_细刺水蛙_Hylarana spinulosa/照片/照片_02_ID113_细刺水蛙_朱弼成 (2).jpg,exists,4533466,
14,683975,细刺水蛙,Hylarana spinulosa,蛙科,Ranidae,水蛙属,Hylarana,照片,3,114,,朱弼成 ,海南吊罗山,20160707,,,http://www.nsii.org.cn/nsiiresources/media/photo/202016/photo/normal/细刺水蛙_朱弼成 (3).jpg,NSII_无尾两栖类鸣声专题/14_细刺水蛙_Hylarana spinulosa/照片/照片_03_ID114_细刺水蛙_朱弼成 (3).jpg,exists,3784764,
14,683975,细刺水蛙,Hylarana spinulosa,蛙科,Ranidae,水蛙属,Hylarana,照片,4,115,,朱弼成 ,海南吊罗山,2015,,,http://www.nsii.org.cn/nsiiresources/media/photo/202016/photo/normal/细刺水蛙_朱弼成 (4).jpg,NSII_无尾两栖类鸣声专题/14_细刺水蛙_Hylarana spinulosa/照片/照片_04_ID115_细刺水蛙_朱弼成 (4).jpg,exists,4248647,
14,683975,细刺水蛙,Hylarana spinulosa,蛙科,Ranidae,水蛙属,Hylarana,鸣声,1,206,广告鸣叫,朱弼成,海南吊罗山,2015.4.1,21:56,,http://www.nsii.org.cn/nsiiresources/media/photo/202016/audio/细刺水蛙_1_朱弼成.mp3,NSII_无尾两栖类鸣声专题/14_细刺水蛙_Hylarana spinulosa/鸣声/鸣声_01_ID206_细刺水蛙_1_朱弼成.mp3,exists,402449,
15,728256,大绿臭蛙,Odorrana graminea,蛙科,Ranidae,臭蛙属,Odorrana,照片,1,25,,朱弼成 ,海南吊罗山,20170902,,,http://www.nsii.org.cn/nsiiresources/media/photo/202016/photo/normal/大绿臭蛙_朱弼成 (1).jpg,NSII_无尾两栖类鸣声专题/15_大绿臭蛙_Odorrana graminea/照片/照片_01_ID25_大绿臭蛙_朱弼成 (1).jpg,exists,3460039,
15,728256,大绿臭蛙,Odorrana graminea,蛙科,Ranidae,臭蛙属,Odorrana,照片,2,26,,朱弼成 ,海南吊罗山,20180524,,,http://www.nsii.org.cn/nsiiresources/media/photo/202016/photo/normal/大绿臭蛙_朱弼成 (2).jpg,NSII_无尾两栖类鸣声专题/15_大绿臭蛙_Odorrana graminea/照片/照片_02_ID26_大绿臭蛙_朱弼成 (2).jpg,exists,710419,
15,728256,大绿臭蛙,Odorrana graminea,蛙科,Ranidae,臭蛙属,Odorrana,照片,3,27,,朱弼成 ,海南吊罗山,20180826,,,http://www.nsii.org.cn/nsiiresources/media/photo/202016/photo/normal/大绿臭蛙_朱弼成 (3).jpg,NSII_无尾两栖类鸣声专题/15_大绿臭蛙_Odorrana graminea/照片/照片_03_ID27_大绿臭蛙_朱弼成 (3).jpg,exists,551024,
15,728256,大绿臭蛙,Odorrana graminea,蛙科,Ranidae,臭蛙属,Odorrana,照片,4,28,,朱弼成 ,海南吊罗山,2015,,,http://www.nsii.org.cn/nsiiresources/media/photo/202016/photo/normal/大绿臭蛙_朱弼成 (4).jpg,NSII_无尾两栖类鸣声专题/15_大绿臭蛙_Odorrana graminea/照片/照片_04_ID28_大绿臭蛙_朱弼成 (4).jpg,exists,2140718,
15,728256,大绿臭蛙,Odorrana graminea,蛙科,Ranidae,臭蛙属,Odorrana,照片,5,29,,朱弼成 ,海南吊罗山,20190723,,,http://www.nsii.org.cn/nsiiresources/media/photo/202016/photo/normal/大绿臭蛙_朱弼成 (5).jpg,NSII_无尾两栖类鸣声专题/15_大绿臭蛙_Odorrana graminea/照片/照片_05_ID29_大绿臭蛙_朱弼成 (5).jpg,exists,1371658,
15,728256,大绿臭蛙,Odorrana graminea,蛙科,Ranidae,臭蛙属,Odorrana,鸣声,1,173,,朱弼成,海南吊罗山,2015.4.3,20:16,,http://www.nsii.org.cn/nsiiresources/media/photo/202016/audio/大绿臭蛙_1_朱弼成.mp3,NSII_无尾两栖类鸣声专题/15_大绿臭蛙_Odorrana graminea/鸣声/鸣声_01_ID173_大绿臭蛙_1_朱弼成.mp3,exists,203682,
16,568533,小湍蛙,Amolops torrentis,蛙科,Ranidae,湍蛙属,Amolops,照片,1,134,,朱弼成 ,海南吊罗山,20150729,,,http://www.nsii.org.cn/nsiiresources/media/photo/202016/photo/normal/小湍蛙_朱弼成 (1).jpg,NSII_无尾两栖类鸣声专题/16_小湍蛙_Amolops torrentis/照片/照片_01_ID134_小湍蛙_朱弼成 (1).jpg,exists,4136575,
16,568533,小湍蛙,Amolops torrentis,蛙科,Ranidae,湍蛙属,Amolops,照片,2,135,,朱弼成 ,海南吊罗山,2015,,,http://www.nsii.org.cn/nsiiresources/media/photo/202016/photo/normal/小湍蛙_朱弼成 (2).jpg,NSII_无尾两栖类鸣声专题/16_小湍蛙_Amolops torrentis/照片/照片_02_ID135_小湍蛙_朱弼成 (2).jpg,exists,1616525,
16,568533,小湍蛙,Amolops torrentis,蛙科,Ranidae,湍蛙属,Amolops,照片,3,136,,赵龙辉 ,海南吊罗山,20160528,,生境,http://www.nsii.org.cn/nsiiresources/media/photo/202016/photo/normal/小湍蛙_赵龙辉 (1).jpg,NSII_无尾两栖类鸣声专题/16_小湍蛙_Amolops torrentis/照片/照片_03_ID136_小湍蛙_赵龙辉 (1).jpg,exists,4075674,
16,568533,小湍蛙,Amolops torrentis,蛙科,Ranidae,湍蛙属,Amolops,照片,4,137,,赵龙辉 ,海南吊罗山,20160601,,,http://www.nsii.org.cn/nsiiresources/media/photo/202016/photo/normal/小湍蛙_赵龙辉 (2).jpg,NSII_无尾两栖类鸣声专题/16_小湍蛙_Amolops torrentis/照片/照片_04_ID137_小湍蛙_赵龙辉 (2).jpg,exists,8436382,
16,568533,小湍蛙,Amolops torrentis,蛙科,Ranidae,湍蛙属,Amolops,照片,5,138,,赵龙辉 ,海南吊罗山,20160601,,,http://www.nsii.org.cn/nsiiresources/media/photo/202016/photo/normal/小湍蛙_赵龙辉 (3).jpg,NSII_无尾两栖类鸣声专题/16_小湍蛙_Amolops torrentis/照片/照片_05_ID138_小湍蛙_赵龙辉 (3).jpg,exists,6183765,
16,568533,小湍蛙,Amolops torrentis,蛙科,Ranidae,湍蛙属,Amolops,照片,6,139,,赵龙辉 ,海南吊罗山,20160603,,,http://www.nsii.org.cn/nsiiresources/media/photo/202016/photo/normal/小湍蛙_赵龙辉 (4).jpg,NSII_无尾两栖类鸣声专题/16_小湍蛙_Amolops torrentis/照片/照片_06_ID139_小湍蛙_赵龙辉 (4).jpg,exists,8852753,
16,568533,小湍蛙,Amolops torrentis,蛙科,Ranidae,湍蛙属,Amolops,照片,7,140,,赵龙辉 ,海南五指山,20170801,,生境,http://www.nsii.org.cn/nsiiresources/media/photo/202016/photo/normal/小湍蛙_赵龙辉 (5).jpg,NSII_无尾两栖类鸣声专题/16_小湍蛙_Amolops torrentis/照片/照片_07_ID140_小湍蛙_赵龙辉 (5).jpg,exists,4098493,
16,568533,小湍蛙,Amolops torrentis,蛙科,Ranidae,湍蛙属,Amolops,照片,8,141,,赵龙辉 ,海南五指山,20170802,,,http://www.nsii.org.cn/nsiiresources/media/photo/202016/photo/normal/小湍蛙_赵龙辉 (6).jpg,NSII_无尾两栖类鸣声专题/16_小湍蛙_Amolops torrentis/照片/照片_08_ID141_小湍蛙_赵龙辉 (6).jpg,exists,2586598,
16,568533,小湍蛙,Amolops torrentis,蛙科,Ranidae,湍蛙属,Amolops,鸣声,1,215,广告鸣叫,赵龙辉,海南吊罗山,2014.5.15,10:45,,http://www.nsii.org.cn/nsiiresources/media/photo/202016/audio/小湍蛙_1_赵龙辉.mp3,NSII_无尾两栖类鸣声专题/16_小湍蛙_Amolops torrentis/鸣声/鸣声_01_ID215_小湍蛙_1_赵龙辉.mp3,exists,484940,
16,568533,小湍蛙,Amolops torrentis,蛙科,Ranidae,湍蛙属,Amolops,鸣声,2,216,广告鸣叫,赵龙辉,海南五指山,2017.5.17,13:00,,http://www.nsii.org.cn/nsiiresources/media/photo/202016/audio/小湍蛙_2_赵龙辉.mp3,NSII_无尾两栖类鸣声专题/16_小湍蛙_Amolops torrentis/鸣声/鸣声_02_ID216_小湍蛙_2_赵龙辉.mp3,exists,402329,
17,914515,华南湍蛙,Amolops ricketti,蛙科,Ranidae,湍蛙属,Amolops,照片,1,81,,朱弼成 ,贵州梵净山,20190926,,,http://www.nsii.org.cn/nsiiresources/media/photo/202016/photo/normal/华南湍蛙_朱弼成 (1).jpg,NSII_无尾两栖类鸣声专题/17_华南湍蛙_Amolops ricketti/照片/照片_01_ID81_华南湍蛙_朱弼成 (1).jpg,exists,3087950,
17,914515,华南湍蛙,Amolops ricketti,蛙科,Ranidae,湍蛙属,Amolops,照片,2,82,,朱弼成 ,贵州梵净山,20190802,,,http://www.nsii.org.cn/nsiiresources/media/photo/202016/photo/normal/华南湍蛙_朱弼成 (2).jpg,NSII_无尾两栖类鸣声专题/17_华南湍蛙_Amolops ricketti/照片/照片_02_ID82_华南湍蛙_朱弼成 (2).jpg,exists,2206763,
17,914515,华南湍蛙,Amolops ricketti,蛙科,Ranidae,湍蛙属,Amolops,鸣声,1,194,广告鸣叫,蔡炎林,贵州梵净山,2019.8.4,22:00,,http://www.nsii.org.cn/nsiiresources/media/photo/202016/audio/华南湍蛙_1_蔡炎林.mp3,NSII_无尾两栖类鸣声专题/17_华南湍蛙_Amolops ricketti/鸣声/鸣声_01_ID194_华南湍蛙_1_蔡炎林.mp3,exists,402519,
18,627770,泽陆蛙,Fejervarya multistriata,叉舌蛙科,Dicroglossidae,陆蛙属 ,Fejervarya,照片,1,148,,赵龙辉 ,海南吊罗山,20160528,,,http://www.nsii.org.cn/nsiiresources/media/photo/202016/photo/normal/泽陆蛙_赵龙辉 (1).jpg,NSII_无尾两栖类鸣声专题/18_泽陆蛙_Fejervarya multistriata/照片/照片_01_ID148_泽陆蛙_赵龙辉 (1).jpg,exists,5998901,
18,627770,泽陆蛙,Fejervarya multistriata,叉舌蛙科,Dicroglossidae,陆蛙属 ,Fejervarya,照片,2,149,,赵龙辉 ,海南吊罗山,20160603,,,http://www.nsii.org.cn/nsiiresources/media/photo/202016/photo/normal/泽陆蛙_赵龙辉 (2).jpg,NSII_无尾两栖类鸣声专题/18_泽陆蛙_Fejervarya multistriata/照片/照片_02_ID149_泽陆蛙_赵龙辉 (2).jpg,exists,11029779,
18,627770,泽陆蛙,Fejervarya multistriata,叉舌蛙科,Dicroglossidae,陆蛙属 ,Fejervarya,照片,3,150,,朱弼成 ,海南吊罗山,20160719,,,http://www.nsii.org.cn/nsiiresources/media/photo/202016/photo/normal/泽陆蛙_朱弼成 (1).jpg,NSII_无尾两栖类鸣声专题/18_泽陆蛙_Fejervarya multistriata/照片/照片_03_ID150_泽陆蛙_朱弼成 (3).jpg,exists,4366822,
18,627770,泽陆蛙,Fejervarya multistriata,叉舌蛙科,Dicroglossidae,陆蛙属 ,Fejervarya,照片,4,151,,朱弼成 ,海南吊罗山,20170707,,,http://www.nsii.org.cn/nsiiresources/media/photo/202016/photo/normal/泽陆蛙_朱弼成 (2).jpg,NSII_无尾两栖类鸣声专题/18_泽陆蛙_Fejervarya multistriata/照片/照片_04_ID151_泽陆蛙_朱弼成 (4).jpg,exists,4657023,
18,627770,泽陆蛙,Fejervarya multistriata,叉舌蛙科,Dicroglossidae,陆蛙属 ,Fejervarya,照片,5,152,,朱弼成 ,海南吊罗山,20150428,,,http://www.nsii.org.cn/nsiiresources/media/photo/202016/photo/normal/泽陆蛙_朱弼成 (3).jpg,NSII_无尾两栖类鸣声专题/18_泽陆蛙_Fejervarya multistriata/照片/照片_05_ID152_泽陆蛙_朱弼成 (5).jpg,exists,2598409,
18,627770,泽陆蛙,Fejervarya multistriata,叉舌蛙科,Dicroglossidae,陆蛙属 ,Fejervarya,鸣声,1,220,广告鸣叫,赵龙辉,海南吊罗山,2014.7.20,21:23,,http://www.nsii.org.cn/nsiiresources/media/photo/202016/audio/泽陆蛙_1_赵龙辉.mp3,NSII_无尾两栖类鸣声专题/18_泽陆蛙_Fejervarya multistriata/鸣声/鸣声_01_ID220_泽陆蛙_1_赵龙辉.mp3,exists,402393,
18,627770,泽陆蛙,Fejervarya multistriata,叉舌蛙科,Dicroglossidae,陆蛙属 ,Fejervarya,鸣声,2,221,释放鸣叫,赵龙辉,海南吊罗山,2014.8.12,15:09,,http://www.nsii.org.cn/nsiiresources/media/photo/202016/audio/泽陆蛙_2_赵龙辉.mp3,NSII_无尾两栖类鸣声专题/18_泽陆蛙_Fejervarya multistriata/鸣声/鸣声_02_ID221_泽陆蛙_2_赵龙辉.mp3,exists,402393,
19,751845,海陆蛙,Fejervarya cancrivora,叉舌蛙科,Dicroglossidae,陆蛙属 ,Fejervarya,照片,1,46,,朱弼成 ,海南海口,20171021,,,http://www.nsii.org.cn/nsiiresources/media/photo/202016/photo/normal/海陆蛙_朱弼成 (1).jpg,NSII_无尾两栖类鸣声专题/19_海陆蛙_Fejervarya cancrivora/照片/照片_01_ID46_海陆蛙_朱弼成 (1).jpg,exists,4322851,
19,751845,海陆蛙,Fejervarya cancrivora,叉舌蛙科,Dicroglossidae,陆蛙属 ,Fejervarya,照片,2,47,,朱弼成 ,海南海口,20171021,,,http://www.nsii.org.cn/nsiiresources/media/photo/202016/photo/normal/海陆蛙_朱弼成 (2).jpg,NSII_无尾两栖类鸣声专题/19_海陆蛙_Fejervarya cancrivora/照片/照片_02_ID47_海陆蛙_朱弼成 (2).jpg,exists,5375622,
19,751845,海陆蛙,Fejervarya cancrivora,叉舌蛙科,Dicroglossidae,陆蛙属 ,Fejervarya,照片,3,48,,朱弼成 ,海南海口,20180329,,,http://www.nsii.org.cn/nsiiresources/media/photo/202016/photo/normal/海陆蛙_朱弼成 (3).jpg,NSII_无尾两栖类鸣声专题/19_海陆蛙_Fejervarya cancrivora/照片/照片_03_ID48_海陆蛙_朱弼成 (3).jpg,exists,4130646,
19,751845,海陆蛙,Fejervarya cancrivora,叉舌蛙科,Dicroglossidae,陆蛙属 ,Fejervarya,鸣声,1,182,广告鸣叫,朱弼成,海南海口,2017.10.9,20:18,,http://www.nsii.org.cn/nsiiresources/media/photo/202016/audio/海陆蛙_1_朱弼成.mp3,NSII_无尾两栖类鸣声专题/19_海陆蛙_Fejervarya cancrivora/鸣声/鸣声_01_ID182_海陆蛙_1_朱弼成.mp3,exists,504848,
20,563473,脆皮大头蛙,Limnonectes fragilis,叉舌蛙科,Dicroglossidae,大头蛙属,Limnonectes,照片,1,22,,朱弼成 ,海南吊罗山,20150411,,,http://www.nsii.org.cn/nsiiresources/media/photo/202016/photo/normal/脆皮大头蛙_朱弼成 (1).jpg,NSII_无尾两栖类鸣声专题/20_脆皮大头蛙_Limnonectes fragilis/照片/照片_01_ID22_脆皮大头蛙_朱弼成 (1).jpg,exists,6204208,
20,563473,脆皮大头蛙,Limnonectes fragilis,叉舌蛙科,Dicroglossidae,大头蛙属,Limnonectes,照片,2,23,,朱弼成 ,海南吊罗山,20170901,,,http://www.nsii.org.cn/nsiiresources/media/photo/202016/photo/normal/脆皮大头蛙_朱弼成 (2).jpg,NSII_无尾两栖类鸣声专题/20_脆皮大头蛙_Limnonectes fragilis/照片/照片_02_ID23_脆皮大头蛙_朱弼成 (2).jpg,exists,3528198,
20,563473,脆皮大头蛙,Limnonectes fragilis,叉舌蛙科,Dicroglossidae,大头蛙属,Limnonectes,照片,3,24,,朱弼成 ,海南吊罗山,20160709,,,http://www.nsii.org.cn/nsiiresources/media/photo/202016/photo/normal/脆皮大头蛙_朱弼成 (3).jpg,NSII_无尾两栖类鸣声专题/20_脆皮大头蛙_Limnonectes fragilis/照片/照片_03_ID24_脆皮大头蛙_朱弼成 (3).jpg,exists,3791158,
20,563473,脆皮大头蛙,Limnonectes fragilis,叉舌蛙科,Dicroglossidae,大头蛙属,Limnonectes,鸣声,1,172,广告鸣叫,朱弼成,海南吊罗山,2015.4.1,20:49,,http://www.nsii.org.cn/nsiiresources/media/photo/202016/audio/脆皮大头蛙_1_朱弼成.mp3,NSII_无尾两栖类鸣声专题/20_脆皮大头蛙_Limnonectes fragilis/鸣声/鸣声_01_ID172_脆皮大头蛙_1_朱弼成.mp3,exists,122417,
21,616834,福建大头蛙,Limnonectes fujianensis,叉舌蛙科,Dicroglossidae,大头蛙属,Limnonectes,照片,1,41,,蔡炎林 ,浙江衢州古田山,201407,,,http://www.nsii.org.cn/nsiiresources/media/photo/202016/photo/normal/福建大头蛙_蔡炎林 (1).jpg,NSII_无尾两栖类鸣声专题/21_福建大头蛙_Limnonectes fujianensis/照片/照片_01_ID41_福建大头蛙_蔡炎林 (1).jpg,exists,1450553,
21,616834,福建大头蛙,Limnonectes fujianensis,叉舌蛙科,Dicroglossidae,大头蛙属,Limnonectes,鸣声,1,179,求偶鸣叫,蔡炎林,浙江衢州古田山,2014.7.1,0:00,,http://www.nsii.org.cn/nsiiresources/media/photo/202016/audio/福建大头蛙_1_蔡炎林.mp3,NSII_无尾两栖类鸣声专题/21_福建大头蛙_Limnonectes fujianensis/鸣声/鸣声_01_ID179_福建大头蛙_1_蔡炎林.mp3,exists,277987,
22,613455,棘腹蛙,Quasipaa boulengeri,叉舌蛙科,Dicroglossidae,棘腹蛙属,Quasipaa,照片,1,83,,杨悦 ,四川峨眉山,20190618,,,http://www.nsii.org.cn/nsiiresources/media/photo/202016/photo/normal/棘腹蛙_杨悦 (1).jpg,NSII_无尾两栖类鸣声专题/22_棘腹蛙_Quasipaa boulengeri/照片/照片_01_ID83_棘腹蛙_杨悦 (1).jpg,exists,2154088,
22,613455,棘腹蛙,Quasipaa boulengeri,叉舌蛙科,Dicroglossidae,棘腹蛙属,Quasipaa,照片,2,84,,杨悦 ,四川峨眉山,20190618,,,http://www.nsii.org.cn/nsiiresources/media/photo/202016/photo/normal/棘腹蛙_杨悦 (2).jpg,NSII_无尾两栖类鸣声专题/22_棘腹蛙_Quasipaa boulengeri/照片/照片_02_ID84_棘腹蛙_杨悦 (2).jpg,exists,2868036,
22,613455,棘腹蛙,Quasipaa boulengeri,叉舌蛙科,Dicroglossidae,棘腹蛙属,Quasipaa,鸣声,1,195,广告鸣叫,蔡炎林,贵州习水,2019.7.19,21:00,,http://www.nsii.org.cn/nsiiresources/media/photo/202016/audio/棘腹蛙_1_蔡炎林.mp3,NSII_无尾两栖类鸣声专题/22_棘腹蛙_Quasipaa boulengeri/鸣声/鸣声_01_ID195_棘腹蛙_1_蔡炎林.mp3,exists,350275,
23,805313,倭蛙,Nanorana pleskei,叉舌蛙科,Dicroglossidae,倭蛙属,Nanorana,照片,1,103,,蔡炎林 ,四川康定塔公草原,2018,,,http://www.nsii.org.cn/nsiiresources/media/photo/202016/photo/normal/倭蛙_蔡炎林 (1).jpg,NSII_无尾两栖类鸣声专题/23_倭蛙_Nanorana pleskei/照片/照片_01_ID103_倭蛙_蔡炎林 (1).jpg,exists,2050301,
23,805313,倭蛙,Nanorana pleskei,叉舌蛙科,Dicroglossidae,倭蛙属,Nanorana,照片,2,104,,蔡炎林 ,四川康定塔公草原,2018,,,http://www.nsii.org.cn/nsiiresources/media/photo/202016/photo/normal/倭蛙_蔡炎林 (2).jpg,NSII_无尾两栖类鸣声专题/23_倭蛙_Nanorana pleskei/照片/照片_02_ID104_倭蛙_蔡炎林 (2).jpg,exists,3373501,
23,805313,倭蛙,Nanorana pleskei,叉舌蛙科,Dicroglossidae,倭蛙属,Nanorana,照片,3,105,,蔡炎林 ,四川康定塔公草原,2018,,,http://www.nsii.org.cn/nsiiresources/media/photo/202016/photo/normal/倭蛙_蔡炎林 (3).jpg,NSII_无尾两栖类鸣声专题/23_倭蛙_Nanorana pleskei/照片/照片_03_ID105_倭蛙_蔡炎林 (3).jpg,exists,3823325,
23,805313,倭蛙,Nanorana pleskei,叉舌蛙科,Dicroglossidae,倭蛙属,Nanorana,照片,4,106,,蔡炎林 ,四川康定塔公草原,20180806,,,http://www.nsii.org.cn/nsiiresources/media/photo/202016/photo/normal/倭蛙_蔡炎林 (4).jpg,NSII_无尾两栖类鸣声专题/23_倭蛙_Nanorana pleskei/照片/照片_04_ID106_倭蛙_蔡炎林 (4).jpg,exists,4142867,
23,805313,倭蛙,Nanorana pleskei,叉舌蛙科,Dicroglossidae,倭蛙属,Nanorana,照片,5,107,,蔡炎林 ,四川康定塔公草原,20180806,,生境,http://www.nsii.org.cn/nsiiresources/media/photo/202016/photo/normal/倭蛙_蔡炎林 (5).jpg,NSII_无尾两栖类鸣声专题/23_倭蛙_Nanorana pleskei/照片/照片_05_ID107_倭蛙_蔡炎林 (5).jpg,exists,6689675,
23,805313,倭蛙,Nanorana pleskei,叉舌蛙科,Dicroglossidae,倭蛙属,Nanorana,照片,6,108,,蔡炎林 ,四川康定塔公草原,2018,,生境,http://www.nsii.org.cn/nsiiresources/media/photo/202016/photo/normal/倭蛙_蔡炎林 (6).jpg,NSII_无尾两栖类鸣声专题/23_倭蛙_Nanorana pleskei/照片/照片_06_ID108_倭蛙_蔡炎林 (6).jpg,exists,4413162,
23,805313,倭蛙,Nanorana pleskei,叉舌蛙科,Dicroglossidae,倭蛙属,Nanorana,鸣声,1,203,抱对时鸣叫,蔡炎林,四川成都生物所,2018.6.5,22:00,室内录制,http://www.nsii.org.cn/nsiiresources/media/photo/202016/audio/倭蛙_1_蔡炎林.mp3,NSII_无尾两栖类鸣声专题/23_倭蛙_Nanorana pleskei/鸣声/鸣声_01_ID203_倭蛙_1_蔡炎林.mp3,exists,202754,
23,805313,倭蛙,Nanorana pleskei,叉舌蛙科,Dicroglossidae,倭蛙属,Nanorana,鸣声,2,204,广告鸣叫,蔡炎林,四川成都生物所,2018.6.4,21:00,室内录制,http://www.nsii.org.cn/nsiiresources/media/photo/202016/audio/倭蛙_2_蔡炎林.mp3,NSII_无尾两栖类鸣声专题/23_倭蛙_Nanorana pleskei/鸣声/鸣声_02_ID204_倭蛙_2_蔡炎林.mp3,exists,403374,
24,656636,圆舌浮蛙,Occidozyga martensii,叉舌蛙科,Dicroglossidae,浮蛙属,Occidozyga,照片,1,145,,朱弼成 ,海南陵水,20150825,,,http://www.nsii.org.cn/nsiiresources/media/photo/202016/photo/normal/圆舌浮蛙_朱弼成 (1).jpg,NSII_无尾两栖类鸣声专题/24_圆舌浮蛙_Occidozyga martensii/照片/照片_01_ID145_圆舌浮蛙_朱弼成 (1).jpg,exists,533693,
24,656636,圆舌浮蛙,Occidozyga martensii,叉舌蛙科,Dicroglossidae,浮蛙属,Occidozyga,照片,2,146,,朱弼成 ,广东湛江,20180328,,,http://www.nsii.org.cn/nsiiresources/media/photo/202016/photo/normal/圆舌浮蛙_朱弼成 (2).jpg,NSII_无尾两栖类鸣声专题/24_圆舌浮蛙_Occidozyga martensii/照片/照片_02_ID146_圆舌浮蛙_朱弼成 (2).jpg,exists,5105338,
24,656636,圆舌浮蛙,Occidozyga martensii,叉舌蛙科,Dicroglossidae,浮蛙属,Occidozyga,照片,3,147,,朱弼成 ,海南陵水,20150824,,,http://www.nsii.org.cn/nsiiresources/media/photo/202016/photo/normal/圆舌浮蛙_朱弼成 (3).jpg,NSII_无尾两栖类鸣声专题/24_圆舌浮蛙_Occidozyga martensii/照片/照片_03_ID147_圆舌浮蛙_朱弼成 (3).jpg,exists,593891,
24,656636,圆舌浮蛙,Occidozyga martensii,叉舌蛙科,Dicroglossidae,浮蛙属,Occidozyga,鸣声,1,218,广告鸣叫,王同亮,海南海口定安,2012.8,0:00,,http://www.nsii.org.cn/nsiiresources/media/photo/202016/audio/圆舌浮蛙_1_王同亮.mp3,NSII_无尾两栖类鸣声专题/24_圆舌浮蛙_Occidozyga martensii/鸣声/鸣声_01_ID218_圆舌浮蛙_1_王同亮.mp3,exists,402391,
24,656636,圆舌浮蛙,Occidozyga martensii,叉舌蛙科,Dicroglossidae,浮蛙属,Occidozyga,鸣声,2,219,争斗鸣叫,王同亮,海南海口定安,2012.8,0:00,,http://www.nsii.org.cn/nsiiresources/media/photo/202016/audio/圆舌浮蛙_2_王同亮.mp3,NSII_无尾两栖类鸣声专题/24_圆舌浮蛙_Occidozyga martensii/鸣声/鸣声_02_ID219_圆舌浮蛙_2_王同亮.mp3,exists,282230,
25,658771,海南溪树蛙,Buergeria oxycephala,树蛙科,Rhacophoridae,溪树蛙属,Buergeria,照片,1,58,,朱弼成 ,海南吊罗山,2015,,,http://www.nsii.org.cn/nsiiresources/media/photo/202016/photo/normal/海南溪树蛙_朱弼成 (1).jpg,NSII_无尾两栖类鸣声专题/25_海南溪树蛙_Buergeria oxycephala/照片/照片_01_ID58_海南溪树蛙_朱弼成 (1).jpg,exists,5947671,
25,658771,海南溪树蛙,Buergeria oxycephala,树蛙科,Rhacophoridae,溪树蛙属,Buergeria,照片,2,59,,朱弼成 ,海南吊罗山,20180601,,,http://www.nsii.org.cn/nsiiresources/media/photo/202016/photo/normal/海南溪树蛙_朱弼成 (2).jpg,NSII_无尾两栖类鸣声专题/25_海南溪树蛙_Buergeria oxycephala/照片/照片_02_ID59_海南溪树蛙_朱弼成 (2).jpg,exists,754170,
25,658771,海南溪树蛙,Buergeria oxycephala,树蛙科,Rhacophoridae,溪树蛙属,Buergeria,照片,3,60,,朱弼成 ,海南吊罗山,2015,,,http://www.nsii.org.cn/nsiiresources/media/photo/202016/photo/normal/海南溪树蛙_朱弼成 (3).jpg,NSII_无尾两栖类鸣声专题/25_海南溪树蛙_Buergeria oxycephala/照片/照片_03_ID60_海南溪树蛙_朱弼成 (3).jpg,exists,5525208,
25,658771,海南溪树蛙,Buergeria oxycephala,树蛙科,Rhacophoridae,溪树蛙属,Buergeria,照片,4,61,,朱弼成 ,海南吊罗山,2015,,,http://www.nsii.org.cn/nsiiresources/media/photo/202016/photo/normal/海南溪树蛙_朱弼成 (4).jpg,NSII_无尾两栖类鸣声专题/25_海南溪树蛙_Buergeria oxycephala/照片/照片_04_ID61_海南溪树蛙_朱弼成 (4).jpg,exists,6505179,
25,658771,海南溪树蛙,Buergeria oxycephala,树蛙科,Rhacophoridae,溪树蛙属,Buergeria,鸣声,1,187,广告鸣叫,朱弼成,海南吊罗山,2016.7.13,1:51,,http://www.nsii.org.cn/nsiiresources/media/photo/202016/audio/海南溪树蛙_1_朱弼成.mp3,NSII_无尾两栖类鸣声专题/25_海南溪树蛙_Buergeria oxycephala/鸣声/鸣声_01_ID187_海南溪树蛙_1_朱弼成.mp3,exists,297960,
26,664721,锯腿原指树蛙,Kurixalus odontotarsus,树蛙科,Rhacophoridae,原指树蛙属,Kurixalus,照片,1,90,,朱弼成 ,海南吊罗山,20190701,,,http://www.nsii.org.cn/nsiiresources/media/photo/202016/photo/normal/锯腿原指树蛙_朱弼成 (1).jpg,NSII_无尾两栖类鸣声专题/26_锯腿原指树蛙_Kurixalus odontotarsus/照片/照片_01_ID90_锯腿原指树蛙_朱弼成 (1).jpg,exists,2240392,
26,664721,锯腿原指树蛙,Kurixalus odontotarsus,树蛙科,Rhacophoridae,原指树蛙属,Kurixalus,照片,2,91,,朱弼成 ,海南吊罗山,20190704,,,http://www.nsii.org.cn/nsiiresources/media/photo/202016/photo/normal/锯腿原指树蛙_朱弼成 (2).jpg,NSII_无尾两栖类鸣声专题/26_锯腿原指树蛙_Kurixalus odontotarsus/照片/照片_02_ID91_锯腿原指树蛙_朱弼成 (2).jpg,exists,1634380,
26,664721,锯腿原指树蛙,Kurixalus odontotarsus,树蛙科,Rhacophoridae,原指树蛙属,Kurixalus,照片,3,92,,朱弼成 ,海南吊罗山,20190706,,,http://www.nsii.org.cn/nsiiresources/media/photo/202016/photo/normal/锯腿原指树蛙_朱弼成 (3).jpg,NSII_无尾两栖类鸣声专题/26_锯腿原指树蛙_Kurixalus odontotarsus/照片/照片_03_ID92_锯腿原指树蛙_朱弼成 (3).jpg,exists,1974183,
26,664721,锯腿原指树蛙,Kurixalus odontotarsus,树蛙科,Rhacophoridae,原指树蛙属,Kurixalus,照片,4,93,,朱弼成 ,海南吊罗山,20180521,,,http://www.nsii.org.cn/nsiiresources/media/photo/202016/photo/normal/锯腿原指树蛙_朱弼成 (4).jpg,NSII_无尾两栖类鸣声专题/26_锯腿原指树蛙_Kurixalus odontotarsus/照片/照片_04_ID93_锯腿原指树蛙_朱弼成 (4).jpg,exists,516897,
26,664721,锯腿原指树蛙,Kurixalus odontotarsus,树蛙科,Rhacophoridae,原指树蛙属,Kurixalus,照片,5,94,,朱弼成 ,海南吊罗山,20180521,,,http://www.nsii.org.cn/nsiiresources/media/photo/202016/photo/normal/锯腿原指树蛙_朱弼成 (5).jpg,NSII_无尾两栖类鸣声专题/26_锯腿原指树蛙_Kurixalus odontotarsus/照片/照片_05_ID94_锯腿原指树蛙_朱弼成 (5).jpg,exists,530504,
26,664721,锯腿原指树蛙,Kurixalus odontotarsus,树蛙科,Rhacophoridae,原指树蛙属,Kurixalus,照片,6,95,,朱弼成 ,海南吊罗山,20160707,,,http://www.nsii.org.cn/nsiiresources/media/photo/202016/photo/normal/锯腿原指树蛙_朱弼成 (6).jpg,NSII_无尾两栖类鸣声专题/26_锯腿原指树蛙_Kurixalus odontotarsus/照片/照片_06_ID95_锯腿原指树蛙_朱弼成 (6).jpg,exists,2442839,
26,664721,锯腿原指树蛙,Kurixalus odontotarsus,树蛙科,Rhacophoridae,原指树蛙属,Kurixalus,照片,7,96,,朱弼成 ,海南吊罗山,20160708,,,http://www.nsii.org.cn/nsiiresources/media/photo/202016/photo/normal/锯腿原指树蛙_朱弼成 (7).jpg,NSII_无尾两栖类鸣声专题/26_锯腿原指树蛙_Kurixalus odontotarsus/照片/照片_07_ID96_锯腿原指树蛙_朱弼成 (7).jpg,exists,3048364,
26,664721,锯腿原指树蛙,Kurixalus odontotarsus,树蛙科,Rhacophoridae,原指树蛙属,Kurixalus,鸣声,1,197,广告鸣叫,朱弼成,海南吊罗山,2014.6.21,18:52,,http://www.nsii.org.cn/nsiiresources/media/photo/202016/audio/锯腿原指树蛙_1_朱弼成.mp3,NSII_无尾两栖类鸣声专题/26_锯腿原指树蛙_Kurixalus odontotarsus/鸣声/鸣声_01_ID197_锯腿原指树蛙_1_朱弼成.mp3,exists,282285,
26,664721,锯腿原指树蛙,Kurixalus odontotarsus,树蛙科,Rhacophoridae,原指树蛙属,Kurixalus,鸣声,2,198,争斗鸣叫,朱弼成,海南吊罗山,2014.6.21,18:52,,http://www.nsii.org.cn/nsiiresources/media/photo/202016/audio/锯腿原指树蛙_2_朱弼成.mp3,NSII_无尾两栖类鸣声专题/26_锯腿原指树蛙_Kurixalus odontotarsus/鸣声/鸣声_02_ID198_锯腿原指树蛙_2_朱弼成.mp3,exists,235265,
26,664721,锯腿原指树蛙,Kurixalus odontotarsus,树蛙科,Rhacophoridae,原指树蛙属,Kurixalus,鸣声,3,199,组合鸣叫,朱弼成,海南吊罗山,2014.6.21,18:52,,http://www.nsii.org.cn/nsiiresources/media/photo/202016/audio/锯腿原指树蛙_3_朱弼成.mp3,NSII_无尾两栖类鸣声专题/26_锯腿原指树蛙_Kurixalus odontotarsus/鸣声/鸣声_03_ID199_锯腿原指树蛙_3_朱弼成.mp3,exists,302138,
27,957969,海南刘树蛙,Liuixalus hainanus,树蛙科,Rhacophoridae,刘树蛙属,Liuixalus,照片,1,49,,朱弼成 ,海南吊罗山,20160711,,,http://www.nsii.org.cn/nsiiresources/media/photo/202016/photo/normal/海南刘树蛙_朱弼成 (1).jpg,NSII_无尾两栖类鸣声专题/27_海南刘树蛙_Liuixalus hainanus/照片/照片_01_ID49_海南刘树蛙_朱弼成 (1).jpg,exists,3385068,
27,957969,海南刘树蛙,Liuixalus hainanus,树蛙科,Rhacophoridae,刘树蛙属,Liuixalus,照片,2,50,,朱弼成 ,海南吊罗山,20190701,,,http://www.nsii.org.cn/nsiiresources/media/photo/202016/photo/normal/海南刘树蛙_朱弼成 (2).jpg,NSII_无尾两栖类鸣声专题/27_海南刘树蛙_Liuixalus hainanus/照片/照片_02_ID50_海南刘树蛙_朱弼成 (2).jpg,exists,1950491,
27,957969,海南刘树蛙,Liuixalus hainanus,树蛙科,Rhacophoridae,刘树蛙属,Liuixalus,照片,3,51,,朱弼成 ,海南吊罗山,20190701,,,http://www.nsii.org.cn/nsiiresources/media/photo/202016/photo/normal/海南刘树蛙_朱弼成 (3).jpg,NSII_无尾两栖类鸣声专题/27_海南刘树蛙_Liuixalus hainanus/照片/照片_03_ID51_海南刘树蛙_朱弼成 (3).jpg,exists,1828861,
27,957969,海南刘树蛙,Liuixalus hainanus,树蛙科,Rhacophoridae,刘树蛙属,Liuixalus,照片,4,52,,朱弼成 ,海南吊罗山,20160711,,,http://www.nsii.org.cn/nsiiresources/media/photo/202016/photo/normal/海南刘树蛙_朱弼成 (4).jpg,NSII_无尾两栖类鸣声专题/27_海南刘树蛙_Liuixalus hainanus/照片/照片_04_ID52_海南刘树蛙_朱弼成 (4).jpg,exists,3615821,
27,957969,海南刘树蛙,Liuixalus hainanus,树蛙科,Rhacophoridae,刘树蛙属,Liuixalus,鸣声,1,183,广告鸣叫,朱弼成,海南吊罗山,2015.4.23,2:20,,http://www.nsii.org.cn/nsiiresources/media/photo/202016/audio/海南刘树蛙_1_朱弼成.mp3,NSII_无尾两栖类鸣声专题/27_海南刘树蛙_Liuixalus hainanus/鸣声/鸣声_01_ID183_海南刘树蛙_1_朱弼成.mp3,exists,168336,
27,957969,海南刘树蛙,Liuixalus hainanus,树蛙科,Rhacophoridae,刘树蛙属,Liuixalus,鸣声,2,184,广告鸣叫,朱弼成,海南吊罗山,2015.4.22,22:09,群体鸣声,http://www.nsii.org.cn/nsiiresources/media/photo/202016/audio/海南刘树蛙_2_朱弼成.mp3,NSII_无尾两栖类鸣声专题/27_海南刘树蛙_Liuixalus hainanus/鸣声/鸣声_02_ID184_海南刘树蛙_2_朱弼成.mp3,exists,412842,
28,574474,眼斑刘树蛙,Liuixalus ocellatus,树蛙科,Rhacophoridae,刘树蛙属,Liuixalus,照片,1,142,,朱弼成 ,海南吊罗山,20150509,,,http://www.nsii.org.cn/nsiiresources/media/photo/202016/photo/normal/眼斑刘树蛙_朱弼成 (1).jpg,NSII_无尾两栖类鸣声专题/28_眼斑刘树蛙_Liuixalus ocellatus/照片/照片_01_ID142_眼斑刘树蛙_朱弼成 (1).jpg,exists,624946,
28,574474,眼斑刘树蛙,Liuixalus ocellatus,树蛙科,Rhacophoridae,刘树蛙属,Liuixalus,照片,2,143,,朱弼成 ,海南吊罗山,20150509,,,http://www.nsii.org.cn/nsiiresources/media/photo/202016/photo/normal/眼斑刘树蛙_朱弼成 (2).jpg,NSII_无尾两栖类鸣声专题/28_眼斑刘树蛙_Liuixalus ocellatus/照片/照片_02_ID143_眼斑刘树蛙_朱弼成 (2).jpg,exists,1933193,
28,574474,眼斑刘树蛙,Liuixalus ocellatus,树蛙科,Rhacophoridae,刘树蛙属,Liuixalus,照片,3,144,,朱弼成 ,海南吊罗山,2015,,,http://www.nsii.org.cn/nsiiresources/media/photo/202016/photo/normal/眼斑刘树蛙_朱弼成 (3).jpg,NSII_无尾两栖类鸣声专题/28_眼斑刘树蛙_Liuixalus ocellatus/照片/照片_03_ID144_眼斑刘树蛙_朱弼成 (3).jpg,exists,1485369,
28,574474,眼斑刘树蛙,Liuixalus ocellatus,树蛙科,Rhacophoridae,刘树蛙属,Liuixalus,鸣声,1,217,广告鸣叫,朱弼成,海南吊罗山,2015.3.31,23:39,,http://www.nsii.org.cn/nsiiresources/media/photo/202016/audio/眼斑刘树蛙_1_朱弼成.mp3,NSII_无尾两栖类鸣声专题/28_眼斑刘树蛙_Liuixalus ocellatus/鸣声/鸣声_01_ID217_眼斑刘树蛙_1_朱弼成.mp3,exists,603014,
29,748780,背条螳臂树蛙,Chiromantis doriae,树蛙科,Rhacophoridae,螳臂树蛙属,Chiromantis,照片,1,9,,朱弼成 ,海南吊罗山,20160711,,,http://www.nsii.org.cn/nsiiresources/media/photo/202016/photo/normal/背条螳臂树蛙_朱弼成 (1).jpg,NSII_无尾两栖类鸣声专题/29_背条螳臂树蛙_Chiromantis doriae/照片/照片_01_ID9_背条螳臂树蛙_朱弼成 (1).jpg,exists,1385834,
29,748780,背条螳臂树蛙,Chiromantis doriae,树蛙科,Rhacophoridae,螳臂树蛙属,Chiromantis,照片,2,10,,朱弼成 ,海南吊罗山,20160711,,,http://www.nsii.org.cn/nsiiresources/media/photo/202016/photo/normal/背条螳臂树蛙_朱弼成 (2).jpg,NSII_无尾两栖类鸣声专题/29_背条螳臂树蛙_Chiromantis doriae/照片/照片_02_ID10_背条螳臂树蛙_朱弼成 (2).jpg,exists,2536561,
29,748780,背条螳臂树蛙,Chiromantis doriae,树蛙科,Rhacophoridae,螳臂树蛙属,Chiromantis,照片,3,11,,朱弼成 ,海南吊罗山,20160708,,,http://www.nsii.org.cn/nsiiresources/media/photo/202016/photo/normal/背条螳臂树蛙_朱弼成 (3).jpg,NSII_无尾两栖类鸣声专题/29_背条螳臂树蛙_Chiromantis doriae/照片/照片_03_ID11_背条螳臂树蛙_朱弼成 (3).jpg,exists,3088950,
29,748780,背条螳臂树蛙,Chiromantis doriae,树蛙科,Rhacophoridae,螳臂树蛙属,Chiromantis,照片,4,12,,朱弼成 ,海南吊罗山,20160712,,,http://www.nsii.org.cn/nsiiresources/media/photo/202016/photo/normal/背条螳臂树蛙_朱弼成 (4).jpg,NSII_无尾两栖类鸣声专题/29_背条螳臂树蛙_Chiromantis doriae/照片/照片_04_ID12_背条螳臂树蛙_朱弼成 (4).jpg,exists,1878246,
29,748780,背条螳臂树蛙,Chiromantis doriae,树蛙科,Rhacophoridae,螳臂树蛙属,Chiromantis,照片,5,13,,朱弼成 ,海南吊罗山,20160707,,,http://www.nsii.org.cn/nsiiresources/media/photo/202016/photo/normal/背条螳臂树蛙_朱弼成 (5).jpg,NSII_无尾两栖类鸣声专题/29_背条螳臂树蛙_Chiromantis doriae/照片/照片_05_ID13_背条螳臂树蛙_朱弼成 (5).jpg,exists,3469188,
29,748780,背条螳臂树蛙,Chiromantis doriae,树蛙科,Rhacophoridae,螳臂树蛙属,Chiromantis,鸣声,1,163,,杨悦,海南陵水南喜,2017.5.9,23:01,雄性身体接触时 发出咯咯咯叫声,http://www.nsii.org.cn/nsiiresources/media/photo/202016/audio/背条螳臂树蛙_1_杨悦.mp3,NSII_无尾两栖类鸣声专题/29_背条螳臂树蛙_Chiromantis doriae/鸣声/鸣声_01_ID163_背条螳臂树蛙_1_杨悦.mp3,exists,195504,
29,748780,背条螳臂树蛙,Chiromantis doriae,树蛙科,Rhacophoridae,螳臂树蛙属,Chiromantis,鸣声,2,164,广告鸣叫,杨悦,海南吊罗山,2015.8.11,23:27,,http://www.nsii.org.cn/nsiiresources/media/photo/202016/audio/背条螳臂树蛙_2_杨悦.mp3,NSII_无尾两栖类鸣声专题/29_背条螳臂树蛙_Chiromantis doriae/鸣声/鸣声_02_ID164_背条螳臂树蛙_2_杨悦.mp3,exists,102508,
29,748780,背条螳臂树蛙,Chiromantis doriae,树蛙科,Rhacophoridae,螳臂树蛙属,Chiromantis,鸣声,3,165,广告鸣叫,杨悦,海南乐东东方,2017.8.1,19:41,,http://www.nsii.org.cn/nsiiresources/media/photo/202016/audio/背条螳臂树蛙_3_杨悦.mp3,NSII_无尾两栖类鸣声专题/29_背条螳臂树蛙_Chiromantis doriae/鸣声/鸣声_03_ID165_背条螳臂树蛙_3_杨悦.mp3,exists,163167,
29,748780,背条螳臂树蛙,Chiromantis doriae,树蛙科,Rhacophoridae,螳臂树蛙属,Chiromantis,鸣声,4,166,广告鸣叫,杨悦,海南五指山水满,2017.5.19,22:05,,http://www.nsii.org.cn/nsiiresources/media/photo/202016/audio/背条螳臂树蛙_4_杨悦.mp3,NSII_无尾两栖类鸣声专题/29_背条螳臂树蛙_Chiromantis doriae/鸣声/鸣声_04_ID166_背条螳臂树蛙_4_杨悦.mp3,exists,82711,
29,748780,背条螳臂树蛙,Chiromantis doriae,树蛙科,Rhacophoridae,螳臂树蛙属,Chiromantis,鸣声,5,167,广告鸣叫,朱弼成,广东湛江,2017.10.19,0:00,,http://www.nsii.org.cn/nsiiresources/media/photo/202016/audio/背条螳臂树蛙_5_朱弼成.mp3,NSII_无尾两栖类鸣声专题/29_背条螳臂树蛙_Chiromantis doriae/鸣声/鸣声_05_ID167_背条螳臂树蛙_5_朱弼成.mp3,exists,80691,
30,704017,侧条费树蛙,Feihyla vittata,树蛙科,Rhacophoridae,费树蛙属,Feihyla,照片,1,14,,朱弼成 ,海南吊罗山,2015,,,http://www.nsii.org.cn/nsiiresources/media/photo/202016/photo/normal/侧条费树蛙_朱弼成 (1).jpg,NSII_无尾两栖类鸣声专题/30_侧条费树蛙_Feihyla vittata/照片/照片_01_ID14_侧条费树蛙_朱弼成 (1).jpg,exists,2054339,
30,704017,侧条费树蛙,Feihyla vittata,树蛙科,Rhacophoridae,费树蛙属,Feihyla,照片,2,15,,朱弼成 ,海南吊罗山,20160627,,,http://www.nsii.org.cn/nsiiresources/media/photo/202016/photo/normal/侧条费树蛙_朱弼成 (2).jpg,NSII_无尾两栖类鸣声专题/30_侧条费树蛙_Feihyla vittata/照片/照片_02_ID15_侧条费树蛙_朱弼成 (2).jpg,exists,3185621,
30,704017,侧条费树蛙,Feihyla vittata,树蛙科,Rhacophoridae,费树蛙属,Feihyla,照片,3,16,,朱弼成 ,海南吊罗山,2015,,,http://www.nsii.org.cn/nsiiresources/media/photo/202016/photo/normal/侧条费树蛙_朱弼成 (3).jpg,NSII_无尾两栖类鸣声专题/30_侧条费树蛙_Feihyla vittata/照片/照片_03_ID16_侧条费树蛙_朱弼成 (3).jpg,exists,6024625,
30,704017,侧条费树蛙,Feihyla vittata,树蛙科,Rhacophoridae,费树蛙属,Feihyla,照片,4,17,,朱弼成 ,海南吊罗山,2015,,,http://www.nsii.org.cn/nsiiresources/media/photo/202016/photo/normal/侧条费树蛙_朱弼成 (4).jpg,NSII_无尾两栖类鸣声专题/30_侧条费树蛙_Feihyla vittata/照片/照片_04_ID17_侧条费树蛙_朱弼成 (4).jpg,exists,1995035,
30,704017,侧条费树蛙,Feihyla vittata,树蛙科,Rhacophoridae,费树蛙属,Feihyla,照片,5,18,,朱弼成 ,海南吊罗山,2015,,,http://www.nsii.org.cn/nsiiresources/media/photo/202016/photo/normal/侧条费树蛙_朱弼成 (5).jpg,NSII_无尾两栖类鸣声专题/30_侧条费树蛙_Feihyla vittata/照片/照片_05_ID18_侧条费树蛙_朱弼成 (5).jpg,exists,1972634,
30,704017,侧条费树蛙,Feihyla vittata,树蛙科,Rhacophoridae,费树蛙属,Feihyla,鸣声,1,168,广告鸣叫,朱弼成,海南吊罗山,2015.4.11,23:03,,http://www.nsii.org.cn/nsiiresources/media/photo/202016/audio/侧条费树蛙_1_朱弼成.mp3,NSII_无尾两栖类鸣声专题/30_侧条费树蛙_Feihyla vittata/鸣声/鸣声_01_ID168_侧条费树蛙_1_朱弼成.mp3,exists,122417,
30,704017,侧条费树蛙,Feihyla vittata,树蛙科,Rhacophoridae,费树蛙属,Feihyla,鸣声,2,169,广告鸣叫,杨悦,海南吊罗山,2015.4.20,20:55,,http://www.nsii.org.cn/nsiiresources/media/photo/202016/audio/侧条费树蛙_2_杨悦.mp3,NSII_无尾两栖类鸣声专题/30_侧条费树蛙_Feihyla vittata/鸣声/鸣声_02_ID169_侧条费树蛙_2_杨悦.mp3,exists,163112,
30,704017,侧条费树蛙,Feihyla vittata,树蛙科,Rhacophoridae,费树蛙属,Feihyla,鸣声,3,170,广告鸣叫,杨悦,海南五指山水满,2017.6.29,23:32,,http://www.nsii.org.cn/nsiiresources/media/photo/202016/audio/侧条费树蛙_3_杨悦.mp3,NSII_无尾两栖类鸣声专题/30_侧条费树蛙_Feihyla vittata/鸣声/鸣声_03_ID170_侧条费树蛙_3_杨悦.mp3,exists,202818,
31,522903,斑腿泛树蛙,Polypedates megacephalus,树蛙科,Rhacophoridae,泛树蛙属,Polypedates,照片,1,1,,朱弼成 ,海南吊罗山,2015,,,http://www.nsii.org.cn/nsiiresources/media/photo/202016/photo/normal/斑腿泛树蛙_朱弼成 (1).jpg,NSII_无尾两栖类鸣声专题/31_斑腿泛树蛙_Polypedates megacephalus/照片/照片_01_ID1_斑腿泛树蛙_朱弼成 (1).jpg,exists,1643051,
31,522903,斑腿泛树蛙,Polypedates megacephalus,树蛙科,Rhacophoridae,泛树蛙属,Polypedates,照片,2,2,,朱弼成 ,海南吊罗山,2015,,,http://www.nsii.org.cn/nsiiresources/media/photo/202016/photo/normal/斑腿泛树蛙_朱弼成 (2).jpg,NSII_无尾两栖类鸣声专题/31_斑腿泛树蛙_Polypedates megacephalus/照片/照片_02_ID2_斑腿泛树蛙_朱弼成 (2).jpg,exists,2037679,
31,522903,斑腿泛树蛙,Polypedates megacephalus,树蛙科,Rhacophoridae,泛树蛙属,Polypedates,照片,3,3,,朱弼成 ,海南吊罗山,2015,,,http://www.nsii.org.cn/nsiiresources/media/photo/202016/photo/normal/斑腿泛树蛙_朱弼成 (3).jpg,NSII_无尾两栖类鸣声专题/31_斑腿泛树蛙_Polypedates megacephalus/照片/照片_03_ID3_斑腿泛树蛙_朱弼成 (3).jpg,exists,2183251,
31,522903,斑腿泛树蛙,Polypedates megacephalus,树蛙科,Rhacophoridae,泛树蛙属,Polypedates,照片,4,4,,杨悦 ,海南吊罗山,20170804,,,http://www.nsii.org.cn/nsiiresources/media/photo/202016/photo/normal/斑腿泛树蛙_杨悦 (1).jpg,NSII_无尾两栖类鸣声专题/31_斑腿泛树蛙_Polypedates megacephalus/照片/照片_04_ID4_斑腿泛树蛙_杨悦 (1).jpg,exists,1700463,
31,522903,斑腿泛树蛙,Polypedates megacephalus,树蛙科,Rhacophoridae,泛树蛙属,Polypedates,照片,5,5,,杨悦 ,四川峨眉山,20190520,,,http://www.nsii.org.cn/nsiiresources/media/photo/202016/photo/normal/斑腿泛树蛙_杨悦 (2).jpg,NSII_无尾两栖类鸣声专题/31_斑腿泛树蛙_Polypedates megacephalus/照片/照片_05_ID5_斑腿泛树蛙_杨悦 (2).jpg,exists,2362465,
31,522903,斑腿泛树蛙,Polypedates megacephalus,树蛙科,Rhacophoridae,泛树蛙属,Polypedates,照片,6,6,,杨悦 ,四川峨眉山,20190630,,,http://www.nsii.org.cn/nsiiresources/media/photo/202016/photo/normal/斑腿泛树蛙_杨悦 (3).jpg,NSII_无尾两栖类鸣声专题/31_斑腿泛树蛙_Polypedates megacephalus/照片/照片_06_ID6_斑腿泛树蛙_杨悦 (3).jpg,exists,2297536,
31,522903,斑腿泛树蛙,Polypedates megacephalus,树蛙科,Rhacophoridae,泛树蛙属,Polypedates,鸣声,1,160,广告鸣叫,朱弼成,海南吊罗山,2015.4.25,21:40,,http://www.nsii.org.cn/nsiiresources/media/photo/202016/audio/斑腿泛树蛙_1_朱弼成.mp3,NSII_无尾两栖类鸣声专题/31_斑腿泛树蛙_Polypedates megacephalus/鸣声/鸣声_01_ID160_斑腿泛树蛙_1_朱弼成.mp3,exists,360162,
31,522903,斑腿泛树蛙,Polypedates megacephalus,树蛙科,Rhacophoridae,泛树蛙属,Polypedates,鸣声,2,161,广告鸣叫,赵龙辉,四川峨眉山,2019.5.10,20:42,,http://www.nsii.org.cn/nsiiresources/media/photo/202016/audio/斑腿泛树蛙_2_赵龙辉.mp3,NSII_无尾两栖类鸣声专题/31_斑腿泛树蛙_Polypedates megacephalus/鸣声/鸣声_02_ID161_斑腿泛树蛙_2_赵龙辉.mp3,exists,410026,
32,725318,无声囊泛树蛙,Polypedates mutus,树蛙科,Rhacophoridae,泛树蛙属,Polypedates,照片,1,109,,朱弼成 ,海南吊罗山,20160707,,,http://www.nsii.org.cn/nsiiresources/media/photo/202016/photo/normal/无声囊泛树蛙_朱弼成 (1).jpg,NSII_无尾两栖类鸣声专题/32_无声囊泛树蛙_Polypedates mutus/照片/照片_01_ID109_无声囊泛树蛙_朱弼成 (1).jpg,exists,2553288,
32,725318,无声囊泛树蛙,Polypedates mutus,树蛙科,Rhacophoridae,泛树蛙属,Polypedates,照片,2,110,,朱弼成 ,海南吊罗山,20160707,,,http://www.nsii.org.cn/nsiiresources/media/photo/202016/photo/normal/无声囊泛树蛙_朱弼成 (2).jpg,NSII_无尾两栖类鸣声专题/32_无声囊泛树蛙_Polypedates mutus/照片/照片_02_ID110_无声囊泛树蛙_朱弼成 (2).jpg,exists,2350106,
32,725318,无声囊泛树蛙,Polypedates mutus,树蛙科,Rhacophoridae,泛树蛙属,Polypedates,照片,3,111,,朱弼成 ,海南吊罗山,2015,,,http://www.nsii.org.cn/nsiiresources/media/photo/202016/photo/normal/无声囊泛树蛙_朱弼成 (3).jpg,NSII_无尾两栖类鸣声专题/32_无声囊泛树蛙_Polypedates mutus/照片/照片_03_ID111_无声囊泛树蛙_朱弼成 (3).jpg,exists,2473593,
32,725318,无声囊泛树蛙,Polypedates mutus,树蛙科,Rhacophoridae,泛树蛙属,Polypedates,鸣声,1,205,广告鸣叫,朱弼成,海南吊罗山,2015.4.25,4:20,,http://www.nsii.org.cn/nsiiresources/media/photo/202016/audio/无声囊泛树蛙_1_朱弼成.mp3,NSII_无尾两栖类鸣声专题/32_无声囊泛树蛙_Polypedates mutus/鸣声/鸣声_01_ID205_无声囊泛树蛙_1_朱弼成.mp3,exists,305274,
33,560141,经甫树蛙,Zhangixalus chenfui,树蛙科,Rhacophoridae,张氏树蛙属,Zhangixalus,照片,1,85,,杨悦 ,四川峨眉山,20190529,,,http://www.nsii.org.cn/nsiiresources/media/photo/202016/photo/normal/经甫树蛙_杨悦 (1).jpg,NSII_无尾两栖类鸣声专题/33_经甫树蛙_Zhangixalus chenfui/照片/照片_01_ID85_经甫树蛙_杨悦 (1).jpg,exists,2681104,
33,560141,经甫树蛙,Zhangixalus chenfui,树蛙科,Rhacophoridae,张氏树蛙属,Zhangixalus,照片,2,86,,杨悦 ,四川峨眉山,20190517,,,http://www.nsii.org.cn/nsiiresources/media/photo/202016/photo/normal/经甫树蛙_杨悦 (2).jpg,NSII_无尾两栖类鸣声专题/33_经甫树蛙_Zhangixalus chenfui/照片/照片_02_ID86_经甫树蛙_杨悦 (2).jpg,exists,1337481,
33,560141,经甫树蛙,Zhangixalus chenfui,树蛙科,Rhacophoridae,张氏树蛙属,Zhangixalus,照片,3,87,,杨悦 ,四川峨眉山,20190519,,,http://www.nsii.org.cn/nsiiresources/media/photo/202016/photo/normal/经甫树蛙_杨悦 (3).jpg,NSII_无尾两栖类鸣声专题/33_经甫树蛙_Zhangixalus chenfui/照片/照片_03_ID87_经甫树蛙_杨悦 (3).jpg,exists,2340179,
33,560141,经甫树蛙,Zhangixalus chenfui,树蛙科,Rhacophoridae,张氏树蛙属,Zhangixalus,照片,4,88,,杨悦 ,四川峨眉山,20190519,,,http://www.nsii.org.cn/nsiiresources/media/photo/202016/photo/normal/经甫树蛙_杨悦 (4).jpg,NSII_无尾两栖类鸣声专题/33_经甫树蛙_Zhangixalus chenfui/照片/照片_04_ID88_经甫树蛙_杨悦 (4).jpg,exists,1836998,
33,560141,经甫树蛙,Zhangixalus chenfui,树蛙科,Rhacophoridae,张氏树蛙属,Zhangixalus,照片,5,89,,杨悦 ,四川峨眉山,20190519,,,http://www.nsii.org.cn/nsiiresources/media/photo/202016/photo/normal/经甫树蛙_杨悦 (5).jpg,NSII_无尾两栖类鸣声专题/33_经甫树蛙_Zhangixalus chenfui/照片/照片_05_ID89_经甫树蛙_杨悦 (5).jpg,exists,1830914,
33,560141,经甫树蛙,Zhangixalus chenfui,树蛙科,Rhacophoridae,张氏树蛙属,Zhangixalus,鸣声,1,196,广告鸣叫,杨悦,四川峨眉山,2019.5.29,23:34,,http://www.nsii.org.cn/nsiiresources/media/photo/202016/audio/经甫树蛙_1_杨悦.mp3,NSII_无尾两栖类鸣声专题/33_经甫树蛙_Zhangixalus chenfui/鸣声/鸣声_01_ID196_经甫树蛙_1_杨悦.mp3,exists,572267,
34,539633,大树蛙,Zhangixalus dennysi,树蛙科,Rhacophoridae,张氏树蛙属,Zhangixalus,照片,1,30,,朱弼成 ,海南吊罗山,2015,,,http://www.nsii.org.cn/nsiiresources/media/photo/202016/photo/normal/大树蛙_朱弼成 (1).jpg,NSII_无尾两栖类鸣声专题/34_大树蛙_Zhangixalus dennysi/照片/照片_01_ID30_大树蛙_朱弼成 (1).jpg,exists,2397898,
34,539633,大树蛙,Zhangixalus dennysi,树蛙科,Rhacophoridae,张氏树蛙属,Zhangixalus,照片,2,31,,朱弼成 ,海南吊罗山,20150627,,,http://www.nsii.org.cn/nsiiresources/media/photo/202016/photo/normal/大树蛙_朱弼成 (2).jpg,NSII_无尾两栖类鸣声专题/34_大树蛙_Zhangixalus dennysi/照片/照片_02_ID31_大树蛙_朱弼成 (2).jpg,exists,4562137,
34,539633,大树蛙,Zhangixalus dennysi,树蛙科,Rhacophoridae,张氏树蛙属,Zhangixalus,鸣声,1,174,广告鸣叫,朱弼成,海南吊罗山,2015.4.10,21:37,,http://www.nsii.org.cn/nsiiresources/media/photo/202016/audio/大树蛙_1_朱弼成.mp3,NSII_无尾两栖类鸣声专题/34_大树蛙_Zhangixalus dennysi/鸣声/鸣声_01_ID174_大树蛙_1_朱弼成.mp3,exists,402449,
35,522381,宝兴树蛙,Zhangixalus dugritei,树蛙科,Rhacophoridae,张氏树蛙属,Zhangixalus,照片,1,7,,邹大虎,云南,20160511,,照片来源网站：中国两栖类,http://www.nsii.org.cn/nsiiresources/media/photo/202016/photo/normal/宝兴树蛙_邹大虎 (1).jpg,NSII_无尾两栖类鸣声专题/35_宝兴树蛙_Zhangixalus dugritei/照片/照片_01_ID7_宝兴树蛙_邹大虎(1).jpg,exists,296236,
35,522381,宝兴树蛙,Zhangixalus dugritei,树蛙科,Rhacophoridae,张氏树蛙属,Zhangixalus,照片,2,8,,邹大虎,云南,20160511,,照片来源网站：中国两栖类,http://www.nsii.org.cn/nsiiresources/media/photo/202016/photo/normal/宝兴树蛙_邹大虎 (2).jpg,NSII_无尾两栖类鸣声专题/35_宝兴树蛙_Zhangixalus dugritei/照片/照片_02_ID8_宝兴树蛙_邹大虎(2).jpg,exists,350626,
35,522381,宝兴树蛙,Zhangixalus dugritei,树蛙科,Rhacophoridae,张氏树蛙属,Zhangixalus,鸣声,1,162,广告鸣叫,赵龙辉,四川栗子坪,2016.4.15,21:16,,http://www.nsii.org.cn/nsiiresources/media/photo/202016/audio/宝兴树蛙_1_赵龙辉.mp3,NSII_无尾两栖类鸣声专题/35_宝兴树蛙_Zhangixalus dugritei/鸣声/鸣声_01_ID162_宝兴树蛙_1_赵龙辉.mp3,exists,562667,
36,819697,峨眉树蛙,Zhangixalus omeimontis,树蛙科,Rhacophoridae,张氏树蛙属,Zhangixalus,照片,1,39,,杨悦 ,四川峨眉山,20190518,,,http://www.nsii.org.cn/nsiiresources/media/photo/202016/photo/normal/峨眉树蛙_杨悦 (1).jpg,NSII_无尾两栖类鸣声专题/36_峨眉树蛙_Zhangixalus omeimontis/照片/照片_01_ID39_峨眉树蛙_杨悦 (1).jpg,exists,1804287,
36,819697,峨眉树蛙,Zhangixalus omeimontis,树蛙科,Rhacophoridae,张氏树蛙属,Zhangixalus,照片,2,40,,杨悦 ,四川峨眉山,20190909,,,http://www.nsii.org.cn/nsiiresources/media/photo/202016/photo/normal/峨眉树蛙_杨悦 (2).jpg,NSII_无尾两栖类鸣声专题/36_峨眉树蛙_Zhangixalus omeimontis/照片/照片_02_ID40_峨眉树蛙_杨悦 (2).jpg,exists,2316323,
36,819697,峨眉树蛙,Zhangixalus omeimontis,树蛙科,Rhacophoridae,张氏树蛙属,Zhangixalus,鸣声,1,178,广告鸣叫,赵龙辉,四川峨眉山,2019.5.18,20:58,,http://www.nsii.org.cn/nsiiresources/media/photo/202016/audio/峨眉树蛙_1_赵龙辉.mp3,NSII_无尾两栖类鸣声专题/36_峨眉树蛙_Zhangixalus omeimontis/鸣声/鸣声_01_ID178_峨眉树蛙_1_赵龙辉.mp3,exists,322667,
37,953245,红蹼树蛙,Rhacophorus rhodopus,树蛙科,Rhacophoridae,树蛙属,Rhacophorus,照片,1,70,,赵龙辉 ,海南吊罗山,20140628,,,http://www.nsii.org.cn/nsiiresources/media/photo/202016/photo/normal/红蹼树蛙_赵龙辉 (1).jpg,NSII_无尾两栖类鸣声专题/37_红蹼树蛙_Rhacophorus rhodopus/照片/照片_01_ID70_红蹼树蛙_赵龙辉 (1).jpg,exists,2360034,
37,953245,红蹼树蛙,Rhacophorus rhodopus,树蛙科,Rhacophoridae,树蛙属,Rhacophorus,照片,2,71,,赵龙辉 ,海南吊罗山,20160603,,,http://www.nsii.org.cn/nsiiresources/media/photo/202016/photo/normal/红蹼树蛙_赵龙辉 (2).jpg,NSII_无尾两栖类鸣声专题/37_红蹼树蛙_Rhacophorus rhodopus/照片/照片_02_ID71_红蹼树蛙_赵龙辉 (2).jpg,exists,9546350,
37,953245,红蹼树蛙,Rhacophorus rhodopus,树蛙科,Rhacophoridae,树蛙属,Rhacophorus,照片,3,72,,朱弼成 ,海南吊罗山,20160706,,,http://www.nsii.org.cn/nsiiresources/media/photo/202016/photo/normal/红蹼树蛙_朱弼成 (1).jpg,NSII_无尾两栖类鸣声专题/37_红蹼树蛙_Rhacophorus rhodopus/照片/照片_03_ID72_红蹼树蛙_朱弼成 (1).jpg,exists,2226290,
37,953245,红蹼树蛙,Rhacophorus rhodopus,树蛙科,Rhacophoridae,树蛙属,Rhacophorus,照片,4,73,,朱弼成 ,海南吊罗山,20160706,,,http://www.nsii.org.cn/nsiiresources/media/photo/202016/photo/normal/红蹼树蛙_朱弼成 (2).jpg,NSII_无尾两栖类鸣声专题/37_红蹼树蛙_Rhacophorus rhodopus/照片/照片_04_ID73_红蹼树蛙_朱弼成 (2).jpg,exists,1922493,
37,953245,红蹼树蛙,Rhacophorus rhodopus,树蛙科,Rhacophoridae,树蛙属,Rhacophorus,照片,5,74,,朱弼成 ,海南吊罗山,20190702,,,http://www.nsii.org.cn/nsiiresources/media/photo/202016/photo/normal/红蹼树蛙_朱弼成 (3).jpg,NSII_无尾两栖类鸣声专题/37_红蹼树蛙_Rhacophorus rhodopus/照片/照片_05_ID74_红蹼树蛙_朱弼成 (3).jpg,exists,2331100,
37,953245,红蹼树蛙,Rhacophorus rhodopus,树蛙科,Rhacophoridae,树蛙属,Rhacophorus,照片,6,75,,朱弼成 ,海南吊罗山,20190704,,,http://www.nsii.org.cn/nsiiresources/media/photo/202016/photo/normal/红蹼树蛙_朱弼成 (4).jpg,NSII_无尾两栖类鸣声专题/37_红蹼树蛙_Rhacophorus rhodopus/照片/照片_06_ID75_红蹼树蛙_朱弼成 (4).jpg,exists,1625682,
37,953245,红蹼树蛙,Rhacophorus rhodopus,树蛙科,Rhacophoridae,树蛙属,Rhacophorus,照片,7,76,,朱弼成 ,海南吊罗山,20190704,,,http://www.nsii.org.cn/nsiiresources/media/photo/202016/photo/normal/红蹼树蛙_朱弼成 (5).jpg,NSII_无尾两栖类鸣声专题/37_红蹼树蛙_Rhacophorus rhodopus/照片/照片_07_ID76_红蹼树蛙_朱弼成 (5).jpg,exists,1675325,
37,953245,红蹼树蛙,Rhacophorus rhodopus,树蛙科,Rhacophoridae,树蛙属,Rhacophorus,鸣声,1,191,广告鸣叫,朱弼成,海南吊罗山,2014.8.10,0:27,,http://www.nsii.org.cn/nsiiresources/media/photo/202016/audio/红蹼树蛙_1_朱弼成.mp3,NSII_无尾两栖类鸣声专题/37_红蹼树蛙_Rhacophorus rhodopus/鸣声/鸣声_01_ID191_红蹼树蛙_1_朱弼成.mp3,exists,122416,
37,953245,红蹼树蛙,Rhacophorus rhodopus,树蛙科,Rhacophoridae,树蛙属,Rhacophorus,鸣声,2,192,广告鸣叫,赵龙辉,海南吊罗山,2014.8.7,21:56,,http://www.nsii.org.cn/nsiiresources/media/photo/202016/audio/红蹼树蛙_2_赵龙辉.mp3,NSII_无尾两栖类鸣声专题/37_红蹼树蛙_Rhacophorus rhodopus/鸣声/鸣声_02_ID192_红蹼树蛙_2_赵龙辉.mp3,exists,443144,
38,860750,粗皮姬蛙,Microhyla butleri,姬蛙科,Microhylidae,姬蛙属,Microhyla,照片,1,19,,杨悦 ,四川峨眉山,20190618,,,http://www.nsii.org.cn/nsiiresources/media/photo/202016/photo/normal/粗皮姬蛙_杨悦 (1).jpg,NSII_无尾两栖类鸣声专题/38_粗皮姬蛙_Microhyla butleri/照片/照片_01_ID19_粗皮姬蛙_杨悦 (1).jpg,exists,2478127,
38,860750,粗皮姬蛙,Microhyla butleri,姬蛙科,Microhylidae,姬蛙属,Microhyla,照片,2,20,,朱弼成 ,海南吊罗山,2015,,,http://www.nsii.org.cn/nsiiresources/media/photo/202016/photo/normal/粗皮姬蛙_朱弼成 (1).jpg,NSII_无尾两栖类鸣声专题/38_粗皮姬蛙_Microhyla butleri/照片/照片_02_ID20_粗皮姬蛙_朱弼成 (1).jpg,exists,2440463,
38,860750,粗皮姬蛙,Microhyla butleri,姬蛙科,Microhylidae,姬蛙属,Microhyla,照片,3,21,,朱弼成 ,海南吊罗山,2015,,,http://www.nsii.org.cn/nsiiresources/media/photo/202016/photo/normal/粗皮姬蛙_朱弼成 (2).jpg,NSII_无尾两栖类鸣声专题/38_粗皮姬蛙_Microhyla butleri/照片/照片_03_ID21_粗皮姬蛙_朱弼成 (2).jpg,exists,2320541,
38,860750,粗皮姬蛙,Microhyla butleri,姬蛙科,Microhylidae,姬蛙属,Microhyla,鸣声,1,171,广告鸣叫,朱弼成,海南吊罗山,2014.8.23,20:11,,http://www.nsii.org.cn/nsiiresources/media/photo/202016/audio/粗皮姬蛙_1_朱弼成.mp3,NSII_无尾两栖类鸣声专题/38_粗皮姬蛙_Microhyla butleri/鸣声/鸣声_01_ID171_粗皮姬蛙_1_朱弼成.mp3,exists,221679,
39,927135,小弧斑姬蛙,Microhyla heymonsi,姬蛙科,Microhylidae,姬蛙属,Microhyla,照片,1,127,,朱弼成 ,海南吊罗山,20190702,,,http://www.nsii.org.cn/nsiiresources/media/photo/202016/photo/normal/小弧斑姬蛙_朱弼成 (1).jpg,NSII_无尾两栖类鸣声专题/39_小弧斑姬蛙_Microhyla heymonsi/照片/照片_01_ID127_小弧斑姬蛙_朱弼成 (1).jpg,exists,2176100,
39,927135,小弧斑姬蛙,Microhyla heymonsi,姬蛙科,Microhylidae,姬蛙属,Microhyla,照片,2,128,,朱弼成 ,海南吊罗山,20190702,,,http://www.nsii.org.cn/nsiiresources/media/photo/202016/photo/normal/小弧斑姬蛙_朱弼成 (2).jpg,NSII_无尾两栖类鸣声专题/39_小弧斑姬蛙_Microhyla heymonsi/照片/照片_02_ID128_小弧斑姬蛙_朱弼成 (2).jpg,exists,2123951,
39,927135,小弧斑姬蛙,Microhyla heymonsi,姬蛙科,Microhylidae,姬蛙属,Microhyla,照片,3,129,,朱弼成 ,海南吊罗山,2015,,,http://www.nsii.org.cn/nsiiresources/media/photo/202016/photo/normal/小弧斑姬蛙_朱弼成 (3).jpg,NSII_无尾两栖类鸣声专题/39_小弧斑姬蛙_Microhyla heymonsi/照片/照片_03_ID129_小弧斑姬蛙_朱弼成 (3).jpg,exists,755109,
39,927135,小弧斑姬蛙,Microhyla heymonsi,姬蛙科,Microhylidae,姬蛙属,Microhyla,照片,4,130,,朱弼成 ,海南吊罗山,2015,,,http://www.nsii.org.cn/nsiiresources/media/photo/202016/photo/normal/小弧斑姬蛙_朱弼成 (4).jpg,NSII_无尾两栖类鸣声专题/39_小弧斑姬蛙_Microhyla heymonsi/照片/照片_04_ID130_小弧斑姬蛙_朱弼成 (4).jpg,exists,2584418,
39,927135,小弧斑姬蛙,Microhyla heymonsi,姬蛙科,Microhylidae,姬蛙属,Microhyla,照片,5,131,,朱弼成 ,海南吊罗山,20160709,,,http://www.nsii.org.cn/nsiiresources/media/photo/202016/photo/normal/小弧斑姬蛙_朱弼成 (5).jpg,NSII_无尾两栖类鸣声专题/39_小弧斑姬蛙_Microhyla heymonsi/照片/照片_05_ID131_小弧斑姬蛙_朱弼成 (5).jpg,exists,4375970,
39,927135,小弧斑姬蛙,Microhyla heymonsi,姬蛙科,Microhylidae,姬蛙属,Microhyla,鸣声,1,212,广告鸣叫,朱弼成,海南吊罗山,2014.8.23,22:40,,http://www.nsii.org.cn/nsiiresources/media/photo/202016/audio/小弧斑姬蛙_1_朱弼成.mp3,NSII_无尾两栖类鸣声专题/39_小弧斑姬蛙_Microhyla heymonsi/鸣声/鸣声_01_ID212_小弧斑姬蛙_1_朱弼成.mp3,exists,259298,
39,927135,小弧斑姬蛙,Microhyla heymonsi,姬蛙科,Microhylidae,姬蛙属,Microhyla,鸣声,2,213,广告鸣叫,蔡炎林,重庆南川,2019.7.26,22:00,,http://www.nsii.org.cn/nsiiresources/media/photo/202016/audio/小弧斑姬蛙_2_蔡炎林.mp3,NSII_无尾两栖类鸣声专题/39_小弧斑姬蛙_Microhyla heymonsi/鸣声/鸣声_02_ID213_小弧斑姬蛙_2_蔡炎林.mp3,exists,181675,
40,610521,饰纹姬蛙,Microhyla fissipes,姬蛙科,Microhylidae,姬蛙属,Microhyla,照片,1,102,,朱弼成 ,贵州省赤水市,201907,,,http://www.nsii.org.cn/nsiiresources/media/photo/202016/photo/normal/饰纹姬蛙_朱弼成 (1).jpg,NSII_无尾两栖类鸣声专题/40_饰纹姬蛙_Microhyla fissipes/照片/照片_01_ID102_饰纹姬蛙_朱弼成 (1).jpg,exists,1834259,
40,610521,饰纹姬蛙,Microhyla fissipes,姬蛙科,Microhylidae,姬蛙属,Microhyla,鸣声,1,202,广告鸣叫,蔡炎林,贵州印江,2019.8.1,21:00,,http://www.nsii.org.cn/nsiiresources/media/photo/202016/audio/饰纹姬蛙_1_蔡炎林.mp3,NSII_无尾两栖类鸣声专题/40_饰纹姬蛙_Microhyla fissipes/鸣声/鸣声_01_ID202_饰纹姬蛙_1_蔡炎林.mp3,exists,509995,
41,571028,花姬蛙,Microhyla pulchra,姬蛙科,Microhylidae,姬蛙属,Microhyla,照片,1,77,,朱弼成 ,海南吊罗山,20190630,,,http://www.nsii.org.cn/nsiiresources/media/photo/202016/photo/normal/花姬蛙_朱弼成 (1).jpg,NSII_无尾两栖类鸣声专题/41_花姬蛙_Microhyla pulchra/照片/照片_01_ID77_花姬蛙_朱弼成 (1).jpg,exists,2324836,
41,571028,花姬蛙,Microhyla pulchra,姬蛙科,Microhylidae,姬蛙属,Microhyla,照片,2,78,,朱弼成 ,海南吊罗山,20190630,,,http://www.nsii.org.cn/nsiiresources/media/photo/202016/photo/normal/花姬蛙_朱弼成 (2).jpg,NSII_无尾两栖类鸣声专题/41_花姬蛙_Microhyla pulchra/照片/照片_02_ID78_花姬蛙_朱弼成 (2).jpg,exists,1755667,
41,571028,花姬蛙,Microhyla pulchra,姬蛙科,Microhylidae,姬蛙属,Microhyla,照片,3,79,,朱弼成 ,海南吊罗山,20160710,,,http://www.nsii.org.cn/nsiiresources/media/photo/202016/photo/normal/花姬蛙_朱弼成 (3).jpg,NSII_无尾两栖类鸣声专题/41_花姬蛙_Microhyla pulchra/照片/照片_03_ID79_花姬蛙_朱弼成 (3).jpg,exists,410617,
41,571028,花姬蛙,Microhyla pulchra,姬蛙科,Microhylidae,姬蛙属,Microhyla,照片,4,80,,朱弼成 ,海南吊罗山,2015,,,http://www.nsii.org.cn/nsiiresources/media/photo/202016/photo/normal/花姬蛙_朱弼成 (4).jpg,NSII_无尾两栖类鸣声专题/41_花姬蛙_Microhyla pulchra/照片/照片_04_ID80_花姬蛙_朱弼成 (4).jpg,exists,2146052,
41,571028,花姬蛙,Microhyla pulchra,姬蛙科,Microhylidae,姬蛙属,Microhyla,鸣声,1,193,广告鸣叫,朱弼成,海南吊罗山,2015.5.3,22:35,,http://www.nsii.org.cn/nsiiresources/media/photo/202016/audio/花姬蛙_1_朱弼成.mp3,NSII_无尾两栖类鸣声专题/41_花姬蛙_Microhyla pulchra/鸣声/鸣声_01_ID193_花姬蛙_1_朱弼成.mp3,exists,341845,
